weekday_averages,weekday_counts,weekday_totals,weekend_averages,weekend_counts,weekend_totals
0,122972,18,0,0,0
0,1728228,1813,0,1668988,2666
0,1605477,3480,0,1546385,3514
0,790554,3061,0,731383,2989
0,664980,5687,0,605669,5516
0,282105,8442,0,223055,6029
0,144206,13114,0,84357,10871
0,59655,10756,0,0,0
0,60486,22829,0,0,0
1,79406,80545,0,0,0
1,1993,2070,0,0,0
1,1878,2232,0,0,0
1,1793,2890,0,0,0
2,1762,3546,0,0,0
2,3042,6174,0,0,0
2,4341,9628,0,0,0
2,6366,15567,0,0,0
2,7736,20310,0,0,0
2,9731,29172,0,0,0
3,13375,43730,0,0,0
3,20745,74472,0,0,0
4,23540,95587,0,0,0
4,18207,79952,0,0,0
5,5334,26939,0,0,0
5,370,1966,0,0,0
5,361,2114,0,0,0
6,387,2362,0,0,0
6,324,2045,0,0,0
6,362,2438,0,0,0
7,388,2811,0,0,0
7,381,2863,0,0,0
7,394,3119,0,0,0
8,380,3194,0,0,0
8,377,3307,0,0,0
9,354,3232,0,0,0
9,381,3686,0,0,0
10,402,4020,0,0,0
10,413,4305,0,0,0
10,360,3911,0,0,0
11,356,4105,0,0,0
11,337,4009,0,0,0
12,359,4399,0,0,0
12,340,4318,0,0,0
13,396,5219,0,0,0
13,364,4955,0,1,0
14,374,5313,0,0,0
14,327,4818,0,0,0
15,357,5481,0,0,0
15,359,5688,0,0,0
16,363,5959,2,1,2
17,8778,154281,0,0,0
16,21,345,17,1,17
18,22,399,2,2,4
17,22,391,10,2,20
19,21,409,1,3,3
20,22,441,2,1,2
19,23,438,20,1,20
20,23,466,12,2,24
19,28,556,15,3,46
22,19,428,3,2,7
23,28,644,0,0,0
23,18,421,1,1,1
22,29,650,15,5,79
22,13,297,27,1,27
24,27,668,8,4,33
25,29,743,10,3,30
23,29,673,16,7,115
25,30,772,15,4,60
26,29,756,20,3,60
25,38,950,21,7,148
27,36,980,18,5,91
27,26,714,16,6,97
27,33,917,15,9,140
29,24,710,16,4,67
30,36,1100,14,9,128
31,20,631,15,3,46
32,33,1060,11,10,117
31,34,1081,22,5,111
33,38,1290,10,12,123
33,23,773,24,3,73
30,27,827,23,8,191
32,37,1215,17,14,250
30,34,1045,27,10,274
35,30,1058,17,10,174
36,36,1313,21,8,169
37,29,1073,21,8,174
38,20,774,24,4,97
38,32,1246,33,4,134
42,24,1019,16,3,49
37,25,936,32,6,193
39,30,1191,37,5,186
43,33,1446,32,3,96
45,33,1492,24,4,98
42,29,1234,22,9,205
42,32,1344,28,9,252
45,29,1314,30,5,151
48,21,1023,28,2,57
47,22,1043,34,3,104
50,23,1157,30,4,121
47,28,1330,53,3,159
47,30,1425,39,6,235
57,26,1488,4,7,34
58,20,1163,4,3,12
52,26,1357,26,7,182
51,21,1083,30,6,184
47,24,1141,43,7,305
52,26,1377,30,9,270
56,27,1538,64,2,129
56,19,1077,26,5,134
49,17,844,42,6,253
54,42,2291,44,12,532
61,34,2078,32,7,225
55,29,1617,49,7,345
53,33,1781,53,9,477
66,36,2402,22,7,155
68,29,1979,22,7,157
72,28,2021,3,3,10
62,29,1825,49,6,294
64,33,2120,33,11,373
69,37,2562,39,6,236
74,29,2147,16,6,97
66,37,2457,72,7,510
63,30,1890,52,9,476
72,30,2180,36,7,257
75,25,1879,33,5,169
73,29,2141,32,11,356
81,38,3101,23,4,92
68,29,1995,62,8,503
76,34,2617,36,10,367
77,27,2097,47,6,283
80,30,2409,35,8,281
66,33,2192,58,14,819
81,38,3095,46,8,375
70,33,2329,57,13,744
81,28,2283,39,10,390
79,37,2950,52,11,572
79,38,3036,50,14,704
81,19,1556,49,6,295
81,25,2025,45,11,502
83,25,2096,58,7,410
86,34,2927,52,12,627
86,36,3115,50,13,652
77,33,2543,63,15,951
99,30,2986,29,8,234
94,24,2260,54,6,324
86,34,2935,62,12,748
88,30,2648,71,9,647
99,28,2774,65,5,326
100,29,2908,57,6,347
93,33,3085,76,9,687
109,27,2943,31,8,254
111,25,2788,40,3,121
100,40,4033,54,13,712
104,24,2497,71,5,356
109,33,3616,48,8,387
102,26,2665,98,5,491
124,34,4222,4,5,23
98,38,3747,90,11,997
105,36,3807,59,13,773
120,27,3249,38,7,268
104,25,2618,67,10,673
102,19,1938,127,4,509
94,21,1982,101,8,812
109,27,2961,95,7,667
108,29,3151,72,11,798
123,37,4553,51,11,562
120,42,5066,67,13,873
125,28,3518,60,7,423
133,27,3616,47,6,287
119,24,2865,114,5,570
130,27,3536,55,8,444
110,32,3545,104,11,1151
136,31,4218,43,11,474
128,46,5895,68,16,1088
120,38,4563,100,12,1200
123,26,3218,69,11,766
139,38,5317,54,12,652
120,39,4716,90,16,1446
145,36,5236,55,9,501
125,32,4012,104,11,1148
129,40,5192,98,13,1276
110,42,4642,90,25,2250
140,35,4933,72,12,864
151,40,6068,46,15,704
125,31,3905,98,14,1375
128,35,4484,102,15,1543
157,22,3460,68,5,340
135,27,3667,87,12,1047
145,35,5105,84,13,1093
139,41,5702,84,19,1599
146,38,5553,96,13,1258
137,32,4413,85,17,1445
155,38,5903,73,15,1106
149,37,5548,116,11,1281
134,42,5662,101,24,2435
135,39,5265,110,19,2107
156,38,5933,74,18,1333
160,50,8004,75,23,1734
143,43,6168,127,17,2162
150,41,6164,97,20,1949
151,33,5008,83,19,1577
160,30,4825,120,10,1202
136,49,6680,111,29,3243
145,42,6125,127,19,2428
156,41,6419,98,21,2060
134,47,6331,116,30,3495
174,42,7342,74,20,1488
161,36,5801,95,20,1913
143,33,4730,129,18,2335
175,48,8424,88,22,1951
147,49,7232,117,29,3406
153,43,6602,126,22,2777
128,38,4877,134,26,3489
156,39,6092,117,23,2695
158,57,9038,115,33,3815
168,55,9246,100,33,3328
142,55,7822,135,35,4732
166,54,8979,127,27,3454
171,58,9969,98,38,3742
166,60,9979,117,36,4232
172,61,10535,120,34,4088
159,53,8449,124,35,4348
182,51,9293,92,34,3142
199,55,10987,87,28,2462
163,47,7687,126,31,3923
163,44,7213,149,24,3595
173,64,11116,126,39,4951
200,46,9230,103,24,2473
171,43,7384,151,23,3482
167,57,9573,137,37,5082
159,64,10212,155,41,6385
186,52,9718,109,36,3946
187,62,11639,115,41,4720
211,62,13091,79,44,3510
176,60,10605,128,43,5532
203,58,11782,111,37,4126
192,52,10021,144,28,4044
183,60,10998,143,37,5310
124,48,5981,174,42,7339
176,68,12026,147,46,6774
202,48,9697,112,35,3920
181,49,8892,165,30,4963
166,57,9468,170,39,6643
204,51,10425,133,32,4280
208,59,12290,118,44,5227
211,62,13121,119,44,5245
224,64,14390,107,44,4734
211,60,12692,145,37,5389
203,60,12194,151,39,5926
190,48,9128,155,34,5297
184,46,8467,127,45,5742
142,33,4716,162,33,5378
199,35,6979,128,31,3972
154,35,5412,161,34,5487
155,44,6840,164,43,7056
165,39,6437,151,39,5907
112,41,4616,204,41,8383
171,38,6519,157,36,5670
166,44,7317,159,44,7021
195,29,5683,137,28,3851
197,50,9853,148,46,6848
151,49,7441,182,47,8576
204,47,9596,137,45,6170
233,46,10739,112,45,5076
149,54,8067,193,53,10251
152,42,6390,187,42,7894
164,39,6407,180,39,7050
172,39,6722,178,37,6597
222,37,8226,135,36,4879
114,41,4677,235,40,9409
194,39,7585,172,36,6215
246,32,7898,116,30,3503
224,44,9897,144,42,6076
220,50,11047,151,47,7104
180,43,7763,185,42,7774
183,47,8634,200,43,8638
202,53,10727,174,52,9087
217,46,9998,168,43,7232
128,42,5376,238,42,10034
200,56,11200,185,53,9837
182,34,6214,208,32,6675
191,49,9407,188,49,9246
163,43,7039,221,42,9293
230,43,9890,160,42,6745
142,39,5549,246,39,9612
206,46,9508,189,44,8346
248,39,9678,149,39,5822
235,41,9665,161,41,6639
222,48,10680,183,47,8602
234,42,9838,171,41,7044
172,41,7071,235,40,9408
228,42,9580,187,41,7691
287,62,17836,160,58,9306
263,61,16101,155,60,9306
167,51,8565,251,50,12558
175,53,9304,248,51,12676
244,51,12465,183,49,8978
206,59,12183,224,57,12770
188,44,8314,247,42,10400
198,35,6933,232,34,7918
230,44,10140,214,41,8808
255,36,9201,180,35,6325
282,53,14983,165,52,8604
246,59,14514,193,59,11433
249,47,11728,210,43,9045
240,47,11302,216,44,9530
196,54,10592,251,54,13567
243,66,16103,211,65,13750
228,39,8920,225,39,8791
210,64,13471,244,63,15422
237,62,14730,225,61,13764
288,41,11820,181,40,7247
220,49,10817,247,48,11863
245,62,15238,224,61,13678
291,63,18392,184,63,11632
180,57,10307,290,57,16559
206,59,12164,275,57,15697
243,53,12888,246,51,12558
263,62,16313,222,61,13590
201,59,11886,276,59,16284
259,62,16093,230,62,14309
267,62,16602,230,60,13851
265,71,18872,242,68,16513
285,57,16287,216,56,12126
272,71,19331,231,69,15946
258,50,12923,246,50,12341
240,81,19447,269,80,21574
284,73,20766,234,70,16387
314,62,19507,204,61,12494
292,56,16387,232,55,12795
291,85,24781,234,82,19263
322,66,21299,211,63,13324
265,59,15685,265,57,15146
265,77,20422,263,76,20027
243,64,15588,295,61,17995
313,69,21621,229,67,15402
245,89,21869,284,89,25312
268,70,18804,274,69,18914
368,69,25434,187,66,12357
274,60,16481,281,58,16346
334,85,28464,230,79,18240
244,74,18061,307,72,22162
349,76,26573,210,75,15803
252,71,17934,307,70,21559
275,76,20902,293,75,22008
258,78,20179,307,76,23352
348,56,19516,223,54,12079
292,78,22789,279,77,21544
334,75,25121,241,74,17857
308,63,19420,272,62,16887
227,68,15469,342,68,23323
329,71,23419,264,70,18481
274,81,22272,318,79,25147
318,70,22291,280,67,18766
305,93,28386,287,92,26418
330,75,24802,268,75,20151
371,77,28567,238,74,17615
364,83,30237,245,81,19884
363,76,27625,248,74,18363
297,86,25591,312,85,26532
338,99,33515,285,96,27425
261,78,20409,350,78,27335
323,92,29779,299,91,27213
333,74,24700,287,74,21299
349,97,33870,285,94,26835
326,82,26763,301,81,24383
367,85,31211,267,85,22771
306,83,25439,328,82,26950
355,67,23830,289,66,19135
311,118,36794,338,114,38570
326,105,34308,328,101,33188
399,96,38321,255,94,24040
317,83,26353,329,82,27047
300,69,20736,353,68,24046
299,111,33286,359,109,39239
355,96,34081,311,93,28954
338,86,29133,321,86,27607
403,98,39526,269,97,26176
367,93,34169,309,91,28181
344,111,38212,326,111,36295
361,94,33965,318,93,29608
283,86,24422,399,84,33538
343,98,33711,338,98,33195
280,111,31124,402,111,44639
352,98,34505,337,97,32710
342,73,24967,351,72,25340
338,100,33849,362,99,35879
382,98,37523,323,98,31679
327,103,33709,376,101,38029
407,103,41966,301,103,31097
376,87,32793,336,86,28938
326,110,35932,382,110,42029
330,94,31054,386,94,36354
314,99,31122,418,95,39757
387,79,30614,337,79,26663
351,106,37225,380,104,39591
307,98,30159,422,97,40983
349,65,22686,389,64,24898
404,94,38000,343,92,31633
368,95,34992,386,92,35600
318,112,35692,427,112,47902
370,87,32263,379,87,33052
476,96,45697,284,96,27348
432,80,34565,323,80,25846
441,99,43697,333,97,32327
417,98,40920,349,98,34216
448,88,39480,337,84,28384
384,97,37256,388,96,37270
456,98,44775,330,97,32069
357,109,38996,421,107,45072
438,107,46874,355,105,37300
434,97,42189,359,96,34520
362,109,39519,426,107,45675
476,107,50943,329,106,34961
398,103,41088,405,101,40958
448,101,45254,355,101,35881
513,90,46172,306,88,26990
398,83,33070,416,81,33754
500,95,47540,329,91,29953
419,97,40683,396,97,38420
335,105,35272,480,104,49942
458,98,44897,369,98,36187
497,94,46802,351,90,31611
409,113,46266,421,113,47628
384,140,53828,447,138,61725
485,112,54393,360,112,40326
492,129,63511,360,128,46120
433,106,45985,411,105,43219
464,118,54846,389,117,45606
394,101,39815,469,98,46037
403,118,47661,454,116,52754
471,130,61258,399,128,51139
507,112,56823,365,111,40603
440,140,61646,432,138,59724
509,141,71883,371,140,52018
505,128,64661,383,125,47936
436,147,64230,441,147,64924
438,117,51276,448,117,52455
446,140,62537,451,137,61886
443,120,53276,456,117,53448
541,133,72045,364,132,48130
470,154,72383,433,154,66692
444,139,61848,461,139,64101
451,148,66777,464,146,67779
447,146,65262,466,146,68167
467,146,68258,455,145,66052
456,141,64348,459,141,64813
501,147,73670,430,146,62840
465,169,78654,466,168,78332
486,155,75389,453,154,69780
486,167,81322,453,166,75249
459,173,79413,492,169,83204
534,172,91929,423,170,72006
529,152,80495,434,149,64701
488,188,91759,465,188,87595
475,180,85538,476,180,85791
536,186,99713,434,185,80338
573,169,96866,405,167,67747
521,173,90157,452,173,78205
494,177,87576,490,173,84934
484,178,86328,495,178,88272
552,166,91663,438,166,72785
482,202,97382,516,198,102322
500,193,96627,492,192,94607
532,199,106024,465,198,92251
441,184,81168,554,183,101408
484,199,96368,524,197,103310
514,165,84818,499,164,81907
434,171,74341,568,171,97151
510,171,87229,506,171,86632
551,178,98136,475,177,84094
527,173,91335,506,171,86542
609,173,105428,428,173,74204
492,170,83747,554,166,91994
510,163,83186,533,160,85360
504,184,92811,539,183,98809
511,152,77714,535,151,80902
621,141,87606,437,141,61656
530,156,82735,525,156,81966
480,175,84005,571,175,100017
472,154,72756,590,153,90416
556,162,90077,513,162,83109
516,161,83171,559,159,88895
517,173,89498,557,173,96393
590,154,90887,497,153,76063
521,164,85500,566,164,92869
602,138,83179,495,137,67856
532,145,77180,564,144,81315
669,148,99148,447,146,65355
597,140,83643,506,139,70453
560,125,70081,537,125,67158
577,131,75693,542,130,70520
628,139,87296,489,139,68027
571,139,79480,550,138,76015
634,122,77447,494,121,59844
562,134,75323,563,133,74959
674,142,95776,464,142,65920
545,144,78591,590,143,84397
590,119,70268,550,119,65495
611,126,77084,540,125,67603
646,129,83338,512,127,65141
581,120,69813,571,119,68050
642,115,73880,515,115,59321
497,107,53203,674,107,72141
612,82,50248,551,82,45238
683,95,64948,501,93,46621
559,97,54231,610,97,59237
592,112,66403,606,108,65515
570,94,53588,608,94,57180
650,118,76776,547,116,63454
572,103,59005,623,102,63549
669,103,68913,533,103,54958
619,119,73739,590,117,69055
708,97,68732,514,96,49384
682,103,70297,547,99,54179
654,95,62196,564,94,53090
608,104,63315,609,102,62119
616,94,57943,606,94,57019
659,88,58013,569,88,50099
668,91,60863,567,90,51109
733,95,69702,507,95,48200
632,77,48669,610,77,47042
656,88,57800,608,86,52328
635,100,63574,618,100,61812
669,83,55574,599,81,48599
547,100,54770,707,100,70735
596,98,58422,664,98,65098
595,98,58312,676,96,64939
722,94,67945,569,91,51840
602,76,45767,674,75,50592
684,100,68412,598,100,59826
692,95,65787,605,93,56357
585,88,51501,705,87,61378
732,98,71815,574,96,55142
769,96,73909,557,94,52411
753,104,78392,584,102,59640
720,106,76422,600,105,63032
704,88,61966,617,87,53763
694,97,67405,619,97,60127
599,89,53354,736,87,64082
758,112,84994,583,111,64809
738,96,70894,612,93,56923
787,84,66133,557,84,46818
804,89,71587,555,87,48344
739,71,52488,616,70,43147
729,89,64937,616,89,54834
849,81,68838,506,81,41042
784,91,71397,583,91,53119
526,82,43175,828,81,67109
627,80,50220,740,79,58501
550,92,50667,823,91,74975
588,77,45315,780,77,60086
739,65,48039,641,65,41710
764,71,54270,630,71,44800
661,73,48325,723,73,52823
771,89,68633,639,88,56291
786,77,60592,640,75,48004
811,82,66546,607,81,49218
624,83,51856,784,82,64365
655,95,62234,772,93,71848
678,77,52215,746,76,56718
667,78,52065,781,75,58588
691,74,51192,750,73,54796
788,73,57576,665,72,47947
673,77,51894,805,73,58800
692,71,49175,765,70,53559
815,60,48913,641,59,37830
725,66,47874,726,66,47925
759,63,47849,694,63,43725
670,72,48266,807,71,57324
968,64,62010,550,61,33599
839,67,56278,669,65,43516
922,66,60874,581,65,37797
790,59,46654,705,58,40926
840,51,42880,668,50,33436
695,75,52188,807,74,59725
808,54,43648,708,53,37567
847,62,52572,679,61,41441
801,64,51325,735,62,45590
821,57,46849,725,55,39882
805,56,45120,721,55,39686
791,65,51416,735,65,47781
810,65,52688,720,64,46104
799,61,48791,732,61,44689
825,50,41264,744,49,36501
729,52,37940,815,52,42431
715,42,30060,820,42,34441
944,52,49123,618,52,32167
801,54,43283,784,52,40808
744,54,40185,826,54,44657
855,55,47066,740,54,40013
922,51,47042,674,50,33718
842,50,42131,755,49,36997
695,61,42397,907,60,54438
723,59,42711,862,59,50910
863,61,52675,749,60,44998
790,60,47454,806,60,48384
885,56,49606,773,53,41010
754,51,38481,874,51,44603
807,58,46825,829,57,47309
805,50,40295,829,50,41484
815,54,44013,819,54,44266
767,50,38395,880,49,43127
910,54,49141,759,53,40257
796,58,46213,854,58,49581
730,53,38727,902,53,47832
637,41,26119,1049,40,41960
920,41,37721,753,41,30878
900,55,49532,819,52,42631
1006,48,48294,727,45,32732
1001,50,50076,744,47,34985
994,47,46743,732,45,32959
888,41,36415,821,40,32843
934,65,60748,805,62,49918
787,55,43299,935,53,49599
945,50,47271,800,48,38427
636,44,28011,1076,43,46302
1003,47,47145,756,45,34038
622,37,23027,1114,36,40116
839,42,35279,889,42,37338
904,45,40686,837,44,36833
944,44,41564,809,44,35626
1016,39,39629,741,39,28932
1090,54,58892,700,51,35715
720,32,23071,1002,32,32088
1043,50,52176,745,48,35760
849,57,48403,923,55,50779
978,45,44051,821,44,36124
837,37,30995,965,36,34748
806,53,42735,1028,51,52447
1084,40,43393,707,39,27598
903,49,44261,900,49,44112
906,47,42600,901,46,41476
819,34,27852,1005,33,33195
1011,35,35390,809,35,28326
753,47,35398,1083,45,48743
1100,46,50601,758,45,34129
1108,39,43244,772,37,28585
1145,44,50413,701,43,30169
797,57,45430,1106,53,58639
917,45,41282,965,43,41508
730,36,26286,1090,36,39260
990,40,39639,856,40,34257
1107,38,42102,762,38,28973
1156,33,38168,738,32,23627
1252,26,32562,638,26,16595
1200,32,38409,695,32,22253
924,29,26813,937,29,27179
990,41,40617,954,39,37217
1088,39,42434,806,39,31465
1086,34,36951,846,33,27941
943,33,31135,1052,30,31568
1163,37,43039,825,34,28053
976,30,29305,977,29,28354
1029,54,55575,923,53,48920
1128,40,45131,803,40,32143
942,27,25442,1055,25,26389
1045,34,35555,894,34,30429
1190,35,41682,824,32,26385
1028,44,45275,971,41,39839
1115,34,37934,895,32,28641
836,36,30117,1116,36,40204
1004,38,38184,958,38,36417
758,30,22768,1253,29,36348
1168,40,46754,813,40,32538
860,28,24097,1105,28,30967
1131,36,40738,877,35,30715
869,45,39142,1207,42,50699
826,45,37191,1189,44,52351
1099,34,37397,941,33,31066
740,31,22968,1267,31,39300
1223,29,35474,846,28,23688
1046,34,35587,1004,33,33151
745,36,26840,1249,36,44990
1068,29,30988,989,28,27709
1016,27,27455,1025,27,27695
1071,26,27864,1011,26,26294
1228,31,38089,863,30,25891
1311,37,48515,817,34,27788
1135,26,29515,1022,24,24540
1256,22,27646,819,22,18036
1061,40,42476,1018,40,40736
813,37,30091,1257,37,46526
1331,29,38601,789,29,22900
1421,42,59689,714,41,29279
1159,37,42914,990,35,34658
1192,31,36959,955,30,28669
1082,24,25988,1032,24,24790
1541,28,43161,609,27,16461
1322,33,43626,868,31,26926
1095,34,37243,1063,34,36145
1401,33,46254,804,31,24946
1310,30,39304,866,29,25132
1338,31,41493,844,30,25346
1236,34,42051,956,33,31561
931,26,24221,1202,26,31255
960,30,28819,1186,30,35608
1174,34,39930,1027,33,33892
1253,32,40119,1025,29,29746
873,31,27085,1302,31,40368
1118,28,31326,1062,28,29761
1295,19,24617,1010,17,17186
1406,32,44999,878,29,25464
938,29,27202,1262,29,36607
892,36,32136,1313,36,47280
1181,33,38997,1034,33,34139
977,28,27379,1317,26,34244
1304,19,24781,929,19,17652
1491,23,34298,804,22,17709
1103,33,36407,1183,32,37877
1212,30,36386,1054,29,30566
1408,33,46465,904,32,28947
965,29,27992,1300,29,37709
948,32,30344,1311,32,41983
1211,27,32719,1072,27,28947
1425,21,29938,886,20,17720
1123,34,38204,1201,33,39635
1314,27,35500,1056,25,26420
1556,33,51351,793,31,24589
1570,30,47103,805,28,22551
1583,18,28503,847,16,13563
1295,37,47935,1035,37,38311
1371,21,28793,1072,19,20381
1218,27,32910,1100,27,29719
1443,35,50523,953,34,32418
1098,20,21971,1247,20,24956
1348,27,36397,1125,25,28146
1439,27,38876,1000,25,25021
782,22,17222,1645,21,34549
1245,29,36117,1158,28,32442
1253,23,28831,1155,22,25417
1099,26,28598,1293,25,32347
1575,23,36236,850,22,18707
1746,21,36682,707,20,14140
1223,28,34245,1218,27,32897
1500,28,42022,926,28,25932
851,29,24691,1548,29,44905
1267,31,39287,1133,31,35142
1069,35,37427,1386,34,47153
1211,31,37541,1351,28,37835
1662,18,29917,798,18,14364
1350,28,37818,1152,27,31124
1079,21,22670,1368,21,28740
1355,24,32526,1150,23,26457
1535,25,38385,1044,23,24023
1405,27,37946,1104,26,28708
1099,21,23087,1400,21,29411
1356,30,40691,1155,29,33503
1224,27,33051,1299,26,33786
1676,29,48613,887,28,24857
1111,30,33330,1419,29,41175
1154,31,35780,1353,31,41959
1001,28,28049,1540,27,41606
1239,23,28503,1337,22,29418
1085,31,33646,1482,30,44470
1191,33,39312,1376,32,44045
1657,22,36467,961,21,20192
1279,29,37091,1272,29,36911
973,24,23356,1635,23,37606
929,28,26022,1584,28,44360
879,21,18479,1727,20,34544
1386,17,23568,1250,16,20014
1432,28,40122,1207,27,32591
1006,26,26177,1675,24,40217
1473,25,36843,1205,23,27722
1419,32,45410,1188,32,38025
1366,31,42371,1272,30,38173
1617,23,37207,1039,22,22873
917,21,19268,1779,20,35585
1282,29,37188,1345,29,39020
840,26,21852,1761,26,45794
1461,22,32158,1166,22,25658
1217,29,35298,1422,29,41257
1502,27,40569,1238,25,30960
1570,26,40820,1141,25,28526
1529,29,44352,1216,28,34071
1212,25,30311,1518,24,36450
1470,24,35291,1192,24,28614
1574,25,39371,1252,23,28802
1988,22,43745,827,19,15714
1388,24,33312,1425,22,31354
1435,25,35876,1321,24,31709
843,23,19410,1905,22,41922
1430,16,22885,1420,15,21312
1254,20,25088,1461,20,29220
1576,25,39416,1215,24,29177
1891,21,39717,943,20,18869
2219,14,31076,595,14,8336
1935,19,36777,902,18,16239
1890,18,34020,944,17,16064
1235,16,19768,1735,14,24303
1482,25,37063,1411,23,32464
1816,19,34511,1005,19,19097
1345,28,37660,1577,26,41024
1249,23,28741,1594,22,35078
1108,21,23273,1762,20,35257
2240,14,31372,610,14,8546
1691,12,20302,1356,10,13569
1475,20,29502,1460,19,27756
1871,17,31816,1049,16,16789
1665,20,33307,1248,20,24969
1298,36,46735,1542,36,55517
1954,15,29323,1268,11,13955
1728,22,38037,1176,21,24705
1684,26,43796,1232,25,30811
2102,7,14718,802,7,5615
2094,17,35598,872,16,13958
1440,25,36018,1608,23,36987
1801,18,32431,1152,17,19586
1138,16,18213,1742,16,27884
1774,15,26615,1152,15,17293
797,15,11956,2045,15,30676
1920,14,26893,1084,13,14093
1966,9,17694,1224,7,8573
2065,13,26850,1061,11,11672
2141,17,36399,860,17,14629
785,19,14925,2092,19,39752
1697,16,27156,1363,15,20458
1873,18,33717,1258,16,20130
1457,23,33517,1489,23,34266
1780,17,30274,1452,14,20329
2272,15,34094,902,13,11735
1344,16,21507,1650,16,26400
2023,9,18211,1127,8,9020
1549,14,21698,1594,13,20730
1260,17,21435,1713,17,29132
1881,15,28222,1483,12,17804
1676,20,33536,1342,20,26845
1956,16,31299,1595,11,17546
1157,16,18513,1888,16,30221
1068,15,16032,2088,14,29245
1227,20,24550,1780,20,35608
1829,12,21952,1246,12,14955
1141,11,12561,2087,10,20877
2696,14,37744,549,11,6043
1869,15,28042,1304,14,18264
1192,16,19074,2019,15,30286
2024,17,34419,1227,15,18409
1168,11,12850,1937,11,21317
2026,11,22286,1209,10,12095
1256,10,12560,2018,9,18169
1322,12,15873,1775,12,21306
1825,14,25555,1405,13,18265
915,21,19219,2198,21,46160
3024,12,36296,268,12,3222
2372,19,45076,923,17,15707
1642,10,16421,2216,7,15516
2309,10,23093,1159,8,9273
2285,20,45709,926,20,18528
2153,9,19382,1036,9,9327
2464,12,29576,930,10,9300
1630,10,16306,1554,10,15549
1681,10,16810,1574,10,15743
1448,18,26080,1938,16,31013
2041,16,32669,1255,15,18836
1491,20,29838,1908,18,34350
1671,18,30078,1668,17,28360
1467,7,10270,1814,7,12698
1362,22,29970,1860,22,40921
1846,11,20308,1471,11,16188
1717,16,27476,1617,16,25887
2460,15,36910,1160,11,12769
935,11,10287,2576,10,25763
1314,15,19721,1917,15,28756
2427,14,33984,918,14,12863
1856,9,16706,1577,8,12622
1776,17,30193,1588,16,25422
1579,15,23688,1730,15,25953
1711,12,20535,1741,11,19156
1416,12,16994,2064,11,22705
687,10,6870,2586,10,25867
1028,17,17481,2306,17,39215
1727,14,24189,1680,14,23529
1734,4,6937,1629,4,6519
2557,8,20456,976,7,6835
2671,13,34731,959,12,11513
2170,16,34725,1411,14,19762
2091,22,46023,1415,21,29718
699,10,6990,2617,10,26170
1843,19,35023,1581,19,30045
2127,18,38286,1384,17,23535
2047,14,28667,1707,12,20491
1603,26,41687,1820,26,47342
1405,15,21086,2000,15,30002
1353,13,17595,2256,12,27079
1174,12,14098,2212,12,26547
1979,18,35624,1517,18,27314
2944,11,32392,1169,6,7019
2449,22,53897,1193,20,23867
909,12,10914,2760,11,30369
1809,12,21711,1692,12,20306
1476,12,17712,2156,11,23726
2073,19,39402,1626,17,27656
1553,7,10876,1972,7,13808
2222,13,28890,1425,12,17105
1842,18,33173,1733,18,31204
835,18,15035,2658,18,47846
2177,12,26129,1434,12,17212
2297,21,48256,1374,20,27490
1134,16,18149,2397,16,38359
730,10,7309,2793,10,27930
2618,14,36658,1003,14,14048
2569,19,48821,1177,18,21200
2054,16,32865,1559,16,24944
2383,8,19067,1337,8,10697
2381,14,33338,1499,12,17988
2016,13,26216,1892,11,20822
1863,20,37277,1794,20,35898
598,19,11364,2952,19,56098
1488,18,26793,2599,15,38993
2390,16,38252,1759,12,21118
2445,12,29342,1203,12,14437
2442,17,41529,1425,15,21381
858,13,11157,2730,13,35500
2133,9,19205,1575,9,14183
2196,17,37335,1487,17,25293
2388,11,26277,1573,9,14158
2320,13,30167,1408,13,18304
2273,17,38656,1495,17,25421
1571,17,26722,2239,16,35836
2572,9,23155,1203,9,10831
2067,15,31014,1848,14,25883
2535,20,50719,1332,19,25314
2034,17,34583,1702,17,28948
2207,14,30899,1814,12,21777
2623,19,49846,1154,19,21935
1915,14,26817,1873,14,26222
2726,20,54530,1237,18,22274
2616,18,47102,1303,17,22155
3045,14,42633,872,13,11339
1930,10,19304,2058,9,18527
2523,11,27763,1356,11,14922
2837,11,31207,1264,9,11383
1827,13,23754,2024,13,26323
1595,15,23931,2375,14,33261
1867,17,31749,1999,17,33993
2403,13,31249,1569,12,18835
1828,13,23770,2003,13,26039
1801,13,23416,2032,13,26421
3014,13,39193,961,12,11543
1981,14,27744,1900,14,26603
1844,13,23973,2037,13,26485
1923,19,36537,2140,18,38520
1782,9,16042,2121,9,19092
2171,15,32571,2110,13,27436
2980,12,35765,1059,11,11655
2710,9,24392,1462,8,11697
2302,14,32239,1787,13,23241
2559,11,28156,1538,10,15389
1638,10,16381,2626,9,23637
1241,10,12411,2658,10,26581
2161,15,32424,1914,14,26807
3036,12,36437,976,12,11717
1016,4,4064,2960,4,11842
2062,8,16500,2591,6,15546
4105,4,16423,23,3,70
2288,9,20593,1747,9,15730
3009,11,33105,1075,11,11828
2567,13,33375,1626,12,19523
518,8,4144,3435,8,27481
2782,6,16693,1573,5,7867
1602,13,20838,3146,10,31463
1657,10,16572,2330,10,23301
2111,10,21112,2252,9,20270
1956,11,21520,2636,9,23726
3255,8,26043,1329,6,7978
2094,4,8378,2597,3,7791
2613,8,20907,1822,7,12759
2622,13,34097,1818,11,20001
2305,13,29976,1849,13,24041
3308,9,29778,912,9,8211
3197,8,25576,1185,7,8295
940,9,8465,3182,9,28646
1708,10,17087,2488,10,24883
714,6,4287,3401,6,20407
2418,14,33852,2027,12,24326
2834,6,17008,1345,6,8073
1575,8,12606,2527,8,20221
2837,3,8513,1363,3,4091
2189,12,26276,2216,11,24380
1741,5,8708,2483,5,12416
3558,11,39148,842,10,8420
3189,11,35082,1386,9,12474
2832,11,31161,1842,9,16581
1659,8,13274,2984,7,20891
1809,10,18098,2721,9,24495
3285,4,13141,1039,4,4157
1455,9,13099,2750,9,24750
2614,10,26147,1655,10,16552
2786,11,30648,1678,10,16786
1887,5,9436,2457,5,12286
1902,7,13320,2366,7,16563
2450,9,22057,2123,8,16985
2567,7,17969,2078,6,12473
1775,10,17755,2798,9,25188
1126,8,9011,3169,8,25357
1643,11,18074,2671,11,29381
1977,9,17796,2327,9,20946
1019,9,9175,3299,9,29693
3376,4,13506,2116,2,4233
2584,12,31010,1944,11,21389
2989,9,26908,1462,9,13164
1657,8,13259,2698,8,21584
1298,7,9091,3089,7,21628
4499,2,8998,29,2,58
2799,8,22393,1606,8,12853
2085,11,22937,2377,11,26155
1553,9,13977,2893,9,26045
3356,4,13427,1101,4,4407
2601,7,18208,1914,7,13402
8,5,43,4320,5,21603
898,5,4490,3428,5,17141
3534,9,31807,991,9,8925
2339,10,23392,2219,10,22191
2309,8,18476,2214,8,17714
1144,4,4578,3360,4,13440
1164,4,4658,3250,4,13000
3209,10,32095,1324,10,13243
2712,5,13560,1849,5,9245
3149,6,18899,1510,6,9065
3212,3,9638,1477,3,4432
1543,9,13893,3026,9,27242
780,6,4684,3823,6,22943
1564,6,9389,2977,6,17867
2333,12,27999,2210,12,26526
2311,4,9247,2216,4,8866
2379,4,9518,2214,4,8856
2723,7,19065,1965,7,13761
3415,11,37573,1222,11,13444
1740,11,19145,2895,11,31848
1313,7,9191,3161,7,22131
5022,1,5022,26,1,26
1573,3,4720,2957,3,8872
2918,5,14591,1830,5,9152
2956,5,14781,1825,5,9127
1362,7,9538,3197,7,22385
3481,7,24369,1318,7,9228
3627,8,29018,1140,8,9124
2452,12,29429,2331,12,27976
3629,8,29034,1143,8,9147
3137,8,25097,1745,8,13964
814,6,4888,4003,6,24018
2929,10,29299,1872,10,18723
3661,4,14645,1207,4,4829
3899,5,19497,1019,5,5095
2399,4,9599,2298,4,9194
1558,9,14026,3071,9,27645
3260,3,9782,1679,3,5038
3289,6,19739,1546,6,9277
2389,4,9557,2365,4,9462
3587,4,14349,1183,4,4735
4838,1,4838,49,1,49
2448,4,9795,2345,4,9383
2494,2,4988,2312,2,4625
2866,7,20064,2007,7,14051
3208,3,9624,1580,3,4740
1721,3,5163,3138,3,9415
1271,4,5087,3656,4,14626
2495,8,19961,2449,8,19595
8,7,62,4723,7,33067
3684,4,14739,1218,4,4872
1649,3,4947,3139,3,9417
1396,7,9772,3445,7,24121
2481,6,14889,2382,6,14292
1282,4,5131,3580,4,14320
2589,4,10356,2445,4,9780
1682,6,10092,3211,6,19267
3563,10,35634,1455,10,14558
1693,3,5079,3334,3,10004
1731,3,5194,3202,3,9606
1648,3,4945,3226,3,9680
5151,7,36060,27,7,192
3344,3,10033,1830,3,5490
2556,4,10227,2421,4,9687
1468,7,10276,3568,7,24981
9,4,39,4953,4,19815
9,3,29,4998,3,14995
11,1,11,4917,1,4917
18,1,18,5025,1,5025
3804,4,15216,1233,4,4934
3682,7,25777,1419,7,9935
1274,4,5096,3664,4,14656
2571,6,15426,2489,6,14936
2561,4,10244,2470,4,9880
1733,3,5199,3303,3,9910
9,5,46,4954,5,24771
2669,2,5339,2469,2,4938
4211,5,21057,1032,5,5164
3912,4,15651,1257,4,5030
10,2,20,4967,2,9934
3493,3,10480,1660,3,4982
0,0,0,0,0,0
9,2,19,5187,2,10374
3526,3,10578,1677,3,5032
5212,2,10424,31,2,62
5428,3,16286,27,3,81
11,1,11,5040,1,5040
1726,3,5178,3441,3,10323
9,2,18,5198,2,10396
5422,1,5422,31,1,31
3987,4,15951,1307,4,5231
2743,4,10973,2546,4,10186
5527,2,11054,27,2,54
0,0,0,0,0,0
3590,3,10772,1702,3,5108
10,1,10,5607,1,5607
0,0,0,0,0,0
1783,3,5349,3430,3,10290
5917,1,5917,29,1,29
3741,3,11225,1790,3,5372
2265,5,11325,3098,5,15494
1843,3,5531,3470,3,10410
5565,4,22263,30,4,120
2748,6,16489,2633,6,15801
3628,3,10884,1827,3,5481
5346,1,5346,25,1,25
2223,5,11118,3121,5,15609
1432,4,5730,4037,4,16148
1505,4,6022,4103,4,16413
9,2,19,5209,2,10418
3687,3,11063,1748,3,5246
5639,1,5639,34,1,34
2860,6,17162,2655,6,15932
2759,2,5519,2677,2,5355
3412,5,17063,2154,5,10772
3738,3,11215,1770,3,5312
5795,1,5795,26,1,26
3768,3,11304,1834,3,5503
3772,3,11317,1813,3,5439
5679,3,17038,29,3,88
5662,1,5662,27,1,27
9,2,19,5329,2,10658
3766,6,22600,1792,6,10754
963,6,5782,4559,6,27356
2821,4,11284,2682,4,10730
0,0,0,0,0,0
0,0,0,0,0,0
10,1,10,5425,1,5425
9,2,18,5402,2,10804
5768,1,5768,34,1,34
2878,2,5757,2708,2,5416
3446,5,17230,2230,5,11150
5850,1,5850,33,1,33
4269,4,17079,1372,4,5491
2959,2,5919,2723,2,5447
2896,2,5792,2738,2,5476
11,2,22,5456,2,10912
4437,4,17751,1433,4,5733
1941,3,5824,3738,3,11216
5867,1,5867,30,1,30
5826,3,17478,55,3,166
9,1,9,5505,1,5505
1975,3,5925,3760,3,11280
4405,4,17622,1400,4,5601
2983,2,5967,2864,2,5729
6115,1,6115,30,1,30
4091,3,12274,1973,3,5919
10,1,10,5542,1,5542
9,2,18,5572,2,11145
11,1,11,5649,1,5649
1008,6,6048,4794,6,28764
0,0,0,0,0,0
3012,4,12049,2828,4,11313
3018,2,6036,3079,2,6158
4068,3,12206,1902,3,5706
6020,1,6020,32,1,32
10,1,10,5670,1,5670
6102,1,6102,28,1,28
15,1,15,5724,1,5724
6065,3,18197,25,3,77
10,4,40,5938,4,23752
6077,4,24308,33,4,133
4657,4,18630,1559,4,6237
2017,3,6052,3975,3,11927
3108,2,6216,3019,2,6038
6231,1,6231,30,1,30
3041,2,6083,2881,2,5762
10,1,10,5921,1,5921
1277,5,6389,4622,5,23110
3153,2,6307,2896,2,5793
3100,2,6201,2981,2,5962
4311,3,12934,1991,3,5974
10,3,31,5816,3,17449
3212,4,12850,2937,4,11750
4146,3,12440,2037,3,6113
3085,4,12341,2934,4,11739
11,1,11,5917,1,5917
3228,2,6457,3063,2,6127
10,1,10,5958,1,5958
0,0,0,0,0,0
3150,2,6301,3040,2,6081
0,0,0,0,0,0
9,1,9,6437,1,6437
10,1,10,5886,1,5886
6191,1,6191,32,1,32
4259,6,25554,1989,6,11937
0,0,0,0,0,0
0,0,0,0,0,0
0,0,0,0,0,0
3158,2,6316,2990,2,5980
4856,4,19427,1512,4,6050
10,1,10,6079,1,6079
12,1,12,6462,1,6462
6511,2,13023,32,2,64
10,1,10,6497,1,6497
11,1,11,6035,1,6035
11,1,11,6118,1,6118
10,2,20,6145,2,12291
7028,1,7028,31,1,31
3364,2,6729,3160,2,6320
2603,5,13019,3699,5,18499
10,1,10,6126,1,6126
10,1,10,6071,1,6071
6732,1,6732,31,1,31
0,0,0,0,0,0
3127,2,6255,3071,2,6143
10,1,10,6161,1,6161
1531,5,7659,5049,5,25245
6595,1,6595,31,1,31
6737,1,6737,37,1,37
4401,3,13205,2197,3,6592
0,0,0,0,0,0
4373,3,13120,2108,3,6326
0,0,0,0,0,0
0,0,0,0,0,0
6626,2,13252,26,2,53
1674,4,6696,4884,4,19539
0,0,0,0,0,0
0,0,0,0,0,0
4466,3,13398,2114,3,6344
6671,1,6671,33,1,33
0,0,0,0,0,0
10,1,10,6340,1,6340
3333,2,6666,3180,2,6361
10,1,10,6343,1,6343
10,2,21,6427,2,12855
5102,4,20409,1603,4,6412
10,1,10,6350,1,6350
11,1,11,6809,1,6809
3398,2,6797,3256,2,6513
0,0,0,0,0,0
6757,1,6757,30,1,30
6820,2,13640,33,2,66
7034,1,7034,27,1,27
3359,2,6719,3259,2,6518
0,0,0,0,0,0
10,2,20,6440,2,12881
0,0,0,0,0,0
3482,2,6965,3248,2,6496
10,1,10,6459,1,6459
3466,2,6932,3261,2,6523
0,0,0,0,0,0
0,0,0,0,0,0
3449,2,6898,3270,2,6541
2303,3,6909,4403,3,13211
7023,3,21070,32,3,96
6909,1,6909,28,1,28
3739,4,14959,3330,4,13321
7018,3,21054,30,3,90
10,2,20,6598,2,13196
2330,3,6991,4535,3,13606
0,0,0,0,0,0
1771,4,7087,5019,4,20077
7027,1,7027,24,1,24
0,0,0,0,0,0
11,2,22,7058,2,14116
4891,3,14675,2408,3,7225
11,2,22,6987,2,13975
10,1,10,6644,1,6644
7126,1,7126,35,1,35
10,1,10,6673,1,6673
0,0,0,0,0,0
3518,2,7036,3378,2,6757
2366,3,7098,4489,3,13468
1423,5,7117,5378,5,26892
3565,2,7130,3675,2,7350
7527,2,15055,31,2,62
0,0,0,0,0,0
0,0,0,0,0,0
11,2,23,6768,2,13536
0,0,0,0,0,0
0,0,0,0,0,0
7265,1,7265,33,1,33
7130,2,14260,35,2,71
0,0,0,0,0,0
7330,1,7330,32,1,32
3594,2,7188,3454,2,6908
7346,3,22039,33,3,100
11,2,23,6924,2,13849
0,0,0,0,0,0
5608,4,22432,1749,4,6996
5624,4,22496,1761,4,7044
4860,3,14580,2333,3,6999
7417,1,7417,40,1,40
0,0,0,0,0,0
13,1,13,6924,1,6924
3702,2,7405,3529,2,7059
0,0,0,0,0,0
7366,3,22099,31,3,95
7430,2,14861,32,2,64
12,1,12,7361,1,7361
0,0,0,0,0,0
7419,1,7419,34,1,34
12,1,12,7063,1,7063
0,0,0,0,0,0
7545,3,22636,34,3,102
5144,3,15432,2379,3,7138
7462,1,7462,26,1,26
0,0,0,0,0,0
7617,2,15234,33,2,66
10,1,10,7625,1,7625
0,0,0,0,0,0
0,0,0,0,0,0
3826,2,7652,3786,2,7572
0,0,0,0,0,0
12,1,12,7166,1,7166
12,1,12,7170,1,7170
12,1,12,7447,1,7447
0,0,0,0,0,0
0,0,0,0,0,0
7450,1,7450,35,1,35
11,1,11,7270,1,7270
0,0,0,0,0,0
0,0,0,0,0,0
3823,2,7647,3625,2,7250
0,0,0,0,0,0
1863,4,7455,5726,4,22904
0,0,0,0,0,0
7769,1,7769,31,1,31
0,0,0,0,0,0
0,0,0,0,0,0
0,0,0,0,0,0
0,0,0,0,0,0
1990,4,7960,5677,4,22710
11,2,23,7391,2,14783
0,0,0,0,0,0
11,1,11,7768,1,7768
0,0,0,0,0,0
0,0,0,0,0,0
0,0,0,0,0,0
10,1,10,7516,1,7516
0,0,0,0,0,0
0,0,0,0,0,0
0,0,0,0,0,0
10,1,10,7652,1,7652
0,0,0,0,0,0
0,0,0,0,0,0
0,0,0,0,0,0
0,0,0,0,0,0
0,0,0,0,0,0
11,1,11,7507,1,7507
0,0,0,0,0,0
0,0,0,0,0,0
0,0,0,0,0,0
0,0,0,0,0,0
8016,1,8016,36,1,36
0,0,0,0,0,0
0,0,0,0,0,0
0,0,0,0,0,0
0,0,0,0,0,0
0,0,0,0,0,0
0,0,0,0,0,0
11,1,11,7686,1,7686
0,0,0,0,0,0
0,0,0,0,0,0
0,0,0,0,0,0
0,0,0,0,0,0
7970,1,7970,32,1,32
0,0,0,0,0,0
7932,1,7932,33,1,33
0,0,0,0,0,0
8650,1,8650,34,1,34
0,0,0,0,0,0
0,0,0,0,0,0
8024,2,16049,34,2,69
0,0,0,0,0,0
0,0,0,0,0,0
0,0,0,0,0,0
0,0,0,0,0,0
0,0,0,0,0,0
0,0,0,0,0,0
12,2,24,7881,2,15763
0,0,0,0,0,0
0,0,0,0,0,0
0,0,0,0,0,0
0,0,0,0,0,0
0,0,0,0,0,0
0,0,0,0,0,0
0,0,0,0,0,0
11,1,11,8102,1,8102
0,0,0,0,0,0
8163,1,8163,36,1,36
0,0,0,0,0,0
13,1,13,8082,1,8082
0,0,0,0,0,0
0,0,0,0,0,0
0,0,0,0,0,0
8345,2,16691,28,2,56
0,0,0,0,0,0
0,0,0,0,0,0
0,0,0,0,0,0
0,0,0,0,0,0
0,0,0,0,0,0
0,0,0,0,0,0
0,0,0,0,0,0
0,0,0,0,0,0
0,0,0,0,0,0
0,0,0,0,0,0
8352,1,8352,34,1,34
0,0,0,0,0,0
12,1,12,8219,1,8219
0,0,0,0,0,0
0,0,0,0,0,0
0,0,0,0,0,0
0,0,0,0,0,0
0,0,0,0,0,0
0,0,0,0,0,0
0,0,0,0,0,0
0,0,0,0,0,0
0,0,0,0,0,0
0,0,0,0,0,0
0,0,0,0,0,0
0,0,0,0,0,0
0,0,0,0,0,0
0,0,0,0,0,0
14,1,14,8372,1,8372
0,0,0,0,0,0
0,0,0,0,0,0
0,0,0,0,0,0
0,0,0,0,0,0
0,0,0,0,0,0
11,1,11,8455,1,8455
0,0,0,0,0,0
0,0,0,0,0,0
0,0,0,0,0,0
0,0,0,0,0,0
0,0,0,0,0,0
9041,1,9041,38,1,38
0,0,0,0,0,0
0,0,0,0,0,0
0,0,0,0,0,0
0,0,0,0,0,0
0,0,0,0,0,0
0,0,0,0,0,0
0,0,0,0,0,0
0,0,0,0,0,0
0,0,0,0,0,0
0,0,0,0,0,0
0,0,0,0,0,0
0,0,0,0,0,0
0,0,0,0,0,0
0,0,0,0,0,0
0,0,0,0,0,0
0,0,0,0,0,0
0,0,0,0,0,0
0,0,0,0,0,0
0,0,0,0,0,0
0,0,0,0,0,0
0,0,0,0,0,0
0,0,0,0,0,0
0,0,0,0,0,0
0,0,0,0,0,0
0,0,0,0,0,0
0,0,0,0,0,0
0,0,0,0,0,0
0,0,0,0,0,0
0,0,0,0,0,0
0,0,0,0,0,0
0,0,0,0,0,0
0,0,0,0,0,0
0,0,0,0,0,0
0,0,0,0,0,0
0,0,0,0,0,0
0,0,0,0,0,0
0,0,0,0,0,0
0,0,0,0,0,0
0,0,0,0,0,0
0,0,0,0,0,0
0,0,0,0,0,0
0,0,0,0,0,0
0,0,0,0,0,0
0,0,0,0,0,0
0,0,0,0,0,0
0,0,0,0,0,0
0,0,0,0,0,0
0,0,0,0,0,0
0,0,0,0,0,0
0,0,0,0,0,0
0,0,0,0,0,0
0,0,0,0,0,0
0,0,0,0,0,0
0,0,0,0,0,0
0,0,0,0,0,0
0,0,0,0,0,0
0,0,0,0,0,0
0,0,0,0,0,0
0,0,0,0,0,0
0,0,0,0,0,0
0,0,0,0,0,0
0,0,0,0,0,0
