times_household,counts_household,times_k12school,counts_k12school,times_college,counts_college,times_workplace,counts_workplace,times_primary,counts_primary,times_secondary,counts_secondary
2186,1668988,0,0,0,0,102,59240,0,0,0,0
3034,1546385,0,0,0,0,119,59092,0,0,0,0
2939,731383,0,0,0,0,623,59171,0,0,0,0
6644,605669,0,0,0,0,666,59311,0,0,0,0
8101,223055,0,0,0,0,1951,59050,0,0,0,0
12276,84357,43,303,0,0,7253,59546,0,0,0,0
0,0,229,829,0,0,17376,58826,0,0,0,0
0,0,986,1212,0,0,52149,59274,0,0,0,0
0,0,21031,20408,0,0,61038,58998,0,0,0,0
0,0,1,1,0,0,2211,1992,0,0,0,0
0,0,0,0,0,0,2561,1878,0,0,0,0
0,0,1,1,0,0,3543,1792,0,0,0,0
0,0,6,4,0,0,3657,1758,0,0,0,0
0,0,2585,1243,0,0,4170,1799,0,0,0,0
0,0,5663,2597,0,0,5000,1744,0,0,0,0
0,0,11428,4558,0,0,5552,1808,0,0,0,0
0,0,17297,5936,0,0,6143,1800,0,0,0,0
0,0,25663,7952,0,0,6706,1779,0,0,0,0
0,0,39229,11551,0,0,7488,1824,0,0,0,0
0,0,83185,20380,0,0,1588,365,0,0,0,0
0,0,99828,23199,0,0,1638,341,0,0,0,0
0,0,87537,17858,0,0,1828,349,0,0,0,0
0,0,26289,4920,0,0,2238,414,0,0,0,0
0,0,0,0,0,0,2205,370,0,0,0,0
0,0,0,0,0,0,2297,361,0,0,0,0
0,0,0,0,0,0,2579,387,0,0,0,0
0,0,0,0,0,0,2253,324,0,0,0,0
0,0,0,0,0,0,2647,362,0,0,0,0
0,0,0,0,0,0,3029,388,0,0,0,0
0,0,0,0,17,2,3084,379,0,0,0,0
0,0,11,1,0,0,3321,393,0,0,0,0
0,0,0,0,0,0,3438,380,0,0,0,0
0,0,0,0,10,1,3515,376,0,0,0,0
0,0,0,0,0,0,3476,354,0,0,0,0
0,0,0,0,21,2,3972,379,0,0,0,0
0,0,0,0,10,1,4360,401,0,0,0,0
0,0,0,0,22,2,4631,411,0,0,0,0
0,0,0,0,13,1,4214,359,0,0,0,0
0,0,0,0,25,2,4376,354,0,0,0,0
0,0,0,0,0,0,4267,337,0,0,0,0
0,0,0,0,26,2,4720,357,0,0,0,0
0,0,0,0,13,1,4643,339,0,0,0,0
0,0,0,0,56,4,5557,392,0,0,0,0
0,0,0,0,16,1,5289,362,0,0,16,1
0,0,0,0,105,7,5535,367,0,0,0,0
0,0,0,0,32,2,5118,325,0,0,0,0
0,0,0,0,33,2,5860,355,0,0,0,0
0,0,0,0,118,7,5898,352,0,0,0,0
0,0,0,0,204,12,6090,350,0,0,20,1
0,0,0,0,157601,8753,457,25,0,0,0,0
0,0,0,0,0,0,366,20,16,1,0,0
0,0,0,0,0,0,380,20,0,0,42,2
0,0,0,0,0,0,396,20,20,1,21,1
0,0,0,0,0,0,373,18,0,0,64,3
0,0,0,0,0,0,442,21,0,0,22,1
0,0,0,0,0,0,477,22,21,1,0,0
0,0,0,0,0,0,462,21,21,1,26,1
0,0,0,0,0,0,573,25,43,2,23,1
0,0,0,0,0,0,395,17,0,0,53,2
0,0,0,0,0,0,665,28,0,0,0,0
0,0,0,0,0,0,413,17,0,0,26,1
0,0,0,0,0,0,632,24,71,3,55,2
0,0,0,0,0,0,313,12,25,1,0,0
0,0,0,0,0,0,609,23,27,1,89,3
0,0,0,0,0,0,716,26,26,1,58,2
0,0,0,0,0,0,630,22,105,4,97,3
0,0,0,0,0,0,759,26,57,2,68,2
0,0,0,0,0,0,764,26,58,2,33,1
0,0,0,0,0,0,956,31,143,5,68,2
0,0,0,0,0,0,985,31,92,3,68,2
0,0,0,0,0,0,651,20,88,3,103,3
0,0,0,0,0,0,790,24,137,4,177,5
0,0,0,0,0,0,675,20,62,2,71,2
0,0,0,0,0,0,923,27,96,3,224,6
0,0,0,0,0,0,592,17,34,1,76,2
0,0,0,0,0,0,827,23,101,3,273,7
0,0,0,0,0,0,1066,29,101,3,82,2
0,0,0,0,0,0,965,26,104,3,363,9
0,0,0,0,0,0,799,20,88,2,43,1
0,0,0,0,0,0,744,19,187,5,125,3
0,0,0,0,0,0,944,23,229,6,345,8
0,0,0,0,0,0,977,24,282,7,149,3
0,0,0,0,0,0,837,20,156,4,265,6
0,0,0,0,0,0,1198,28,160,4,182,4
0,0,0,0,0,0,918,21,165,4,188,4
0,0,0,0,0,0,716,16,83,2,98,2
0,0,0,0,0,0,1279,28,152,3,56,1
0,0,0,0,0,0,975,21,44,1,98,2
0,0,0,0,0,0,895,19,199,4,115,2
0,0,0,0,0,0,1202,25,181,4,52,1
0,0,0,0,0,0,1479,30,101,2,50,1
0,0,0,0,0,0,1451,29,92,2,104,2
0,0,0,0,0,0,1017,20,195,4,273,5
0,0,0,0,0,0,1192,23,281,5,221,4
0,0,0,0,0,0,1260,24,144,3,114,2
0,0,0,0,0,0,1016,19,50,1,56,1
0,0,0,0,0,0,1059,19,102,2,58,1
0,0,0,0,0,0,1089,19,102,2,116,2
0,0,0,0,0,0,1415,25,156,3,0,0
0,0,0,0,0,0,1382,24,214,4,122,2
0,0,0,0,0,0,1130,19,0,0,440,7
0,0,0,0,0,0,1018,17,0,0,189,3
0,0,0,0,0,0,1170,19,169,3,259,4
0,0,0,0,0,0,994,15,170,3,197,3
0,0,0,0,0,0,1056,17,293,5,132,2
0,0,0,0,0,0,1085,17,235,4,344,5
0,0,0,0,0,0,1638,25,124,2,0,0
0,0,0,0,0,0,922,14,124,2,208,3
0,0,0,0,0,0,744,11,252,4,139,2
0,0,0,0,0,0,2133,30,528,8,290,4
0,0,0,0,0,0,1897,27,221,3,286,4
0,0,0,0,0,0,1567,22,341,5,146,2
0,0,0,0,0,0,1723,24,473,7,151,2
0,0,0,0,0,0,2163,29,133,2,380,5
0,0,0,0,0,0,1634,22,138,2,396,5
0,0,0,0,0,0,1886,25,0,0,232,3
0,0,0,0,0,0,1774,23,285,4,163,2
0,0,0,0,0,0,1757,22,357,5,477,6
0,0,0,0,0,0,2456,31,216,3,252,3
0,0,0,0,0,0,1826,23,77,1,409,5
0,0,0,0,0,0,2454,30,455,6,102,1
0,0,0,0,0,0,1749,21,478,6,263,3
0,0,0,0,0,0,1965,23,236,3,348,4
0,0,0,0,0,0,1696,20,154,2,265,3
0,0,0,0,0,0,1532,18,324,4,670,7
0,0,0,0,0,0,2992,34,80,1,271,3
0,0,0,0,0,0,1916,21,492,6,182,2
0,0,0,0,0,0,2163,24,331,4,561,6
0,0,0,0,0,0,1904,21,253,3,296,3
0,0,0,0,0,0,2047,22,270,3,470,5
0,0,0,0,0,0,1789,19,821,9,497,5
0,0,0,0,0,0,2814,30,352,4,390,4
0,0,0,0,0,0,1916,20,742,8,503,5
0,0,0,0,0,0,1731,18,362,4,612,6
0,0,0,0,0,0,2574,26,542,6,516,5
0,0,0,0,0,0,2425,24,651,7,725,7
0,0,0,0,0,0,1306,13,282,3,311,3
0,0,0,0,0,0,1435,14,487,5,635,6
0,0,0,0,0,0,1858,18,402,4,321,3
0,0,0,0,0,0,2315,22,587,6,656,6
0,0,0,0,0,0,2529,23,610,6,760,7
0,0,0,0,0,0,1956,18,900,9,668,6
0,0,0,0,0,0,2423,22,206,2,682,6
0,0,0,0,0,0,2068,18,315,3,352,3
0,0,0,0,0,0,2503,22,742,7,590,5
0,0,0,0,0,0,2378,21,662,6,350,3
0,0,0,0,0,0,2669,23,313,3,233,2
0,0,0,0,0,0,2708,23,342,3,353,3
0,0,0,0,0,0,2841,24,686,6,359,3
0,0,0,0,0,0,3921,19,315,2,875,6
0,0,0,0,0,0,4121,22,139,1,266,2
0,0,0,0,0,0,5485,27,901,6,1006,7
0,0,0,0,0,0,3612,19,442,3,290,2
0,0,0,0,0,0,4823,25,442,3,724,5
0,0,0,0,0,0,4432,21,560,4,156,1
0,0,0,0,0,0,5869,29,0,0,775,5
0,0,0,0,0,0,5292,27,1169,8,429,3
0,0,0,0,0,0,4643,23,882,6,1043,7
0,0,0,0,0,0,4458,20,272,2,782,5
0,0,0,0,0,0,3172,15,748,5,807,5
0,0,0,0,0,0,3160,15,584,4,0,0
0,0,0,0,0,0,3028,13,939,6,311,2
0,0,0,0,0,0,4215,20,763,5,313,2
0,0,0,0,0,0,3661,18,928,6,729,5
0,0,0,0,0,0,5932,26,610,4,1116,7
0,0,0,0,0,0,6457,29,976,6,1096,7
0,0,0,0,0,0,4267,21,484,3,664,4
0,0,0,0,0,0,4455,21,304,2,644,4
0,0,0,0,0,0,4114,19,642,4,162,1
0,0,0,0,0,0,4096,19,467,3,819,5
0,0,0,0,0,0,4727,21,1324,8,478,3
0,0,0,0,0,0,4242,20,459,3,1298,8
0,0,0,0,0,0,6910,30,1193,7,1462,9
0,0,0,0,0,0,5717,26,1284,8,690,4
0,0,0,0,0,0,3288,15,850,5,997,6
0,0,0,0,0,0,5650,26,631,4,1325,8
0,0,0,0,0,0,5306,23,1466,9,1127,7
0,0,0,0,0,0,6025,27,556,3,1004,6
0,0,0,0,0,0,4844,21,1162,7,715,4
0,0,0,0,0,0,6194,27,1368,8,900,5
0,0,0,0,0,0,3925,17,2384,14,1966,11
0,0,0,0,0,0,5109,23,895,5,1301,7
0,0,0,0,0,0,5620,25,672,4,1920,11
0,0,0,0,0,0,4190,17,1378,8,1033,6
0,0,0,0,0,0,4878,20,1541,9,1031,6
0,0,0,0,0,0,4357,17,326,2,542,3
0,0,0,0,0,0,3586,15,1032,6,1060,6
0,0,0,0,0,0,5614,22,1018,6,1211,7
0,0,0,0,0,0,5077,22,1563,9,1788,10
0,0,0,0,0,0,5851,25,1221,7,1092,6
0,0,0,0,0,0,3408,15,1417,8,1635,9
0,0,0,0,0,0,5631,23,1061,6,1633,9
0,0,0,0,0,0,6389,26,1251,7,726,4
0,0,0,0,0,0,4503,18,2501,13,2087,11
0,0,0,0,0,0,5184,20,2012,11,1468,8
0,0,0,0,0,0,5118,20,1271,7,1985,11
0,0,0,0,0,0,6634,27,1700,9,2573,14
0,0,0,0,0,0,6425,26,1990,11,1105,6
0,0,0,0,0,0,5051,21,1829,10,1943,10
0,0,0,0,0,0,3739,14,1471,8,2072,11
0,0,0,0,0,0,4916,20,1103,6,759,4
0,0,0,0,0,0,5003,20,2963,16,2477,13
0,0,0,0,0,0,5806,23,2275,12,1340,7
0,0,0,0,0,0,5264,20,1878,10,2162,11
0,0,0,0,0,0,4702,17,3208,17,2536,13
0,0,0,0,0,0,5469,22,1296,7,2753,13
0,0,0,0,0,0,4142,16,1664,9,2173,11
0,0,0,0,0,0,4146,15,2116,11,1379,7
0,0,0,0,0,0,6902,26,1711,9,2596,13
0,0,0,0,0,0,5451,20,3091,16,2644,13
0,0,0,0,0,0,5681,21,2610,13,1814,9
0,0,0,0,0,0,3181,12,3056,16,2012,10
0,0,0,0,0,0,4178,16,2361,12,2246,11
0,0,0,0,0,0,6383,24,3442,17,3257,16
0,0,0,0,0,0,5879,22,2956,15,3716,18
0,0,0,0,0,0,5386,20,4310,21,2898,14
0,0,0,0,0,0,7115,27,3008,15,2370,12
0,0,0,0,0,0,5556,20,3241,16,4568,22
0,0,0,0,0,0,6698,24,3606,18,3715,18
0,0,0,0,0,0,7552,27,3492,17,3534,17
0,0,0,0,0,0,5143,18,3759,18,3582,17
0,0,0,0,0,0,4759,17,2675,13,4468,21
0,0,0,0,0,0,7840,27,2076,10,3818,18
0,0,0,0,0,0,4460,16,3296,16,3315,15
0,0,0,0,0,0,5712,20,3148,15,1897,9
0,0,0,0,0,0,7053,25,4171,20,4104,19
0,0,0,0,0,0,6534,22,2102,10,3002,14
0,0,0,0,0,0,5807,20,2969,14,1963,9
0,0,0,0,0,0,6043,20,4185,20,3680,17
0,0,0,0,0,0,6898,23,5318,25,3431,16
0,0,0,0,0,0,4524,16,3149,15,4585,21
0,0,0,0,0,0,6056,21,3939,18,4977,23
0,0,0,0,0,0,5631,18,2726,13,6851,31
0,0,0,0,0,0,5039,17,4657,21,4982,22
0,0,0,0,0,0,6347,21,3266,15,4921,22
0,0,0,0,0,0,7069,24,3240,15,2844,13
0,0,0,0,0,0,7010,23,4392,20,3853,17
0,0,0,0,0,0,2154,6,5844,27,3379,15
0,0,0,0,0,0,6494,22,5485,25,4817,21
0,0,0,0,0,0,3979,13,3133,14,4877,21
0,0,0,0,0,0,5944,19,3966,18,2843,12
0,0,0,0,0,0,5231,18,5310,24,3436,15
0,0,0,0,0,0,5933,19,3375,15,3901,17
0,0,0,0,0,0,4884,15,4082,18,6102,26
0,0,0,0,0,0,5509,18,4014,18,6109,26
0,0,0,0,0,0,6265,20,3648,16,6492,28
0,0,0,0,0,0,6835,23,4153,18,4456,19
0,0,0,0,0,0,6682,21,4639,20,4497,19
0,0,0,0,0,0,4364,14,4428,18,3804,16
0,0,0,0,0,0,307,1,4260,19,6154,26
0,0,0,0,0,0,0,0,4137,18,3550,15
0,0,0,0,0,0,1387,4,2985,13,4320,18
0,0,0,0,0,0,292,1,4161,18,3817,16
0,0,0,0,0,0,319,1,5516,23,4859,20
0,0,0,0,0,0,0,0,4440,19,4869,20
0,0,0,0,0,0,0,0,6439,27,3371,14
0,0,0,0,0,0,599,2,4363,18,4500,18
0,0,0,0,0,0,0,0,5190,22,5479,22
0,0,0,0,0,0,315,1,2817,12,3981,16
0,0,0,0,0,0,1350,4,5014,21,6358,25
0,0,0,0,0,0,629,2,6499,27,4899,20
0,0,0,0,0,0,645,2,4569,19,6363,26
0,0,0,0,0,0,302,1,3746,15,7397,30
0,0,0,0,0,0,316,1,7575,31,5802,22
0,0,0,0,0,0,0,0,5884,24,4530,18
0,0,0,0,0,0,0,0,5125,21,4557,18
0,0,0,0,0,0,609,2,4889,20,4278,17
0,0,0,0,0,0,336,1,3443,14,5584,22
0,0,0,0,0,0,329,1,6965,28,3001,12
0,0,0,0,0,0,996,3,4587,18,4638,18
0,0,0,0,0,0,804,2,2456,10,5092,20
0,0,0,0,0,0,679,2,4212,17,6461,25
0,0,0,0,0,0,983,3,5080,20,7006,27
0,0,0,0,0,0,366,1,5599,22,5204,20
0,0,0,0,0,0,1407,4,6020,24,4959,19
0,0,0,0,0,0,336,1,6326,25,7094,27
0,0,0,0,0,0,1208,3,5088,20,6048,23
0,0,0,0,0,0,0,0,7153,28,3656,14
0,0,0,0,0,0,1059,3,7003,27,6978,26
0,0,0,0,0,0,688,2,4528,18,3731,14
0,0,0,0,0,0,0,0,6466,25,6383,24
0,0,0,0,0,0,348,1,6616,25,4539,17
0,0,0,0,0,0,346,1,4691,18,6490,24
0,0,0,0,0,0,0,0,6625,25,3789,14
0,0,0,0,0,0,676,2,5671,22,5883,22
0,0,0,0,0,0,0,0,3944,15,6436,24
0,0,0,0,0,0,0,0,4383,17,6429,24
0,0,0,0,0,0,340,1,5849,22,6880,25
0,0,0,0,0,0,415,1,4868,18,6255,23
0,0,0,0,0,0,330,1,6556,24,4390,16
0,0,0,0,0,0,324,1,5119,19,5951,22
0,0,0,0,0,0,1376,4,6187,23,9759,35
0,0,0,0,0,0,331,1,6306,23,10215,37
0,0,0,0,0,0,388,1,8378,31,5299,19
0,0,0,0,0,0,714,2,8473,31,5583,20
0,0,0,0,0,0,812,2,6004,22,7433,27
0,0,0,0,0,0,732,2,8527,31,7348,26
0,0,0,0,0,0,743,2,6924,25,4812,17
0,0,0,0,0,0,383,1,5289,19,4209,15
0,0,0,0,0,0,1115,3,5767,21,5584,20
0,0,0,0,0,0,377,1,4205,15,5647,20
0,0,0,0,0,0,399,1,5500,20,9114,32
0,0,0,0,0,0,0,0,7686,27,9179,32
0,0,0,0,0,0,1641,4,5887,21,6418,22
0,0,0,0,0,0,1161,3,6157,22,6478,22
0,0,0,0,0,0,0,0,8878,31,6648,23
0,0,0,0,0,0,354,1,8761,31,9726,34
0,0,0,0,0,0,0,0,5673,20,5540,19
0,0,0,0,0,0,349,1,9850,35,8182,28
0,0,0,0,0,0,435,1,8854,31,8809,30
0,0,0,0,0,0,354,1,4539,16,7055,24
0,0,0,0,0,0,372,1,7604,26,6401,22
0,0,0,0,0,0,356,1,8803,30,9229,31
0,0,0,0,0,0,0,0,7349,25,11483,38
0,0,0,0,0,0,0,0,10252,36,6202,21
0,0,0,0,0,0,754,2,9973,34,6921,23
0,0,0,0,0,0,767,2,7938,27,7308,24
0,0,0,0,0,0,419,1,8522,29,9518,32
0,0,0,0,0,0,0,0,10352,35,7269,24
0,0,0,0,0,0,0,0,8872,30,9719,32
0,0,0,0,0,0,909,2,8520,29,9326,31
0,0,0,0,0,0,1294,3,10103,34,10381,34
0,0,0,0,0,0,376,1,7345,25,9526,31
0,0,0,0,0,0,825,2,9973,33,10997,36
0,0,0,0,0,0,0,0,7550,25,7747,25
0,0,0,0,0,0,431,1,12990,44,11052,36
0,0,0,0,0,0,1348,3,10052,33,11538,37
0,0,0,0,0,0,389,1,7613,25,11240,36
0,0,0,0,0,0,390,1,7603,25,9504,30
0,0,0,0,0,0,1460,3,11700,38,13781,44
0,0,0,0,0,0,1161,3,7884,26,11494,37
0,0,0,0,0,0,766,2,9203,30,8498,27
0,0,0,0,0,0,435,1,12075,39,11566,37
0,0,0,0,0,0,1249,3,10898,35,8111,26
0,0,0,0,0,0,837,2,9151,29,12162,38
0,0,0,0,0,0,0,0,15215,49,12675,40
0,0,0,0,0,0,381,1,11250,36,10484,33
0,0,0,0,0,0,1166,3,7172,23,13652,43
0,0,0,0,0,0,811,2,9774,31,8746,27
0,0,0,0,0,0,2569,6,10692,34,14634,45
0,0,0,0,0,0,817,2,13281,42,9736,30
0,0,0,0,0,0,445,1,9181,29,14911,46
0,0,0,0,0,0,386,1,12621,40,9725,30
0,0,0,0,0,0,462,1,12687,40,11514,35
0,0,0,0,0,0,909,2,13736,43,10751,33
0,0,0,0,0,0,788,2,7036,22,10535,32
0,0,0,0,0,0,402,1,12533,39,12558,38
0,0,0,0,0,0,428,1,10200,32,13826,42
0,0,0,0,0,0,399,1,9587,30,10639,32
0,0,0,0,0,0,0,0,13735,42,8672,26
0,0,0,0,0,0,523,1,10410,32,12786,38
0,0,0,0,0,0,909,2,14390,44,11738,35
0,0,0,0,0,0,1247,3,10881,33,11464,34
0,0,0,0,0,0,438,1,15031,46,15487,46
0,0,0,0,0,0,0,0,11801,35,13425,40
0,0,0,0,0,0,1250,3,10135,30,14995,44
0,0,0,0,0,0,889,2,11270,34,15902,47
0,0,0,0,0,0,834,2,10251,31,14832,43
0,0,0,0,0,0,477,1,15099,45,13697,40
0,0,0,0,0,0,1288,3,15437,46,17033,50
0,0,0,0,0,0,0,0,15493,46,10909,32
0,0,0,0,0,0,404,1,15170,45,15994,46
0,0,0,0,0,0,0,0,11817,35,13373,39
0,0,0,0,0,0,1341,3,15057,44,17196,50
0,0,0,0,0,0,446,1,13464,40,14203,41
0,0,0,0,0,0,0,0,12593,37,16822,48
0,0,0,0,0,0,431,1,15010,44,13313,38
0,0,0,0,0,0,528,1,10661,31,12499,35
0,0,0,0,0,0,1817,4,21276,62,18210,52
0,0,0,0,0,0,1802,4,18221,53,16885,48
0,0,0,0,0,0,900,2,13053,38,19728,56
0,0,0,0,0,0,450,1,15038,43,13704,39
0,0,0,0,0,0,651,1,13247,38,10661,30
0,0,0,0,0,0,921,2,21806,62,16783,47
0,0,0,0,0,0,1609,3,15713,45,16935,48
0,0,0,0,0,0,0,0,14906,43,15378,43
0,0,0,0,0,0,566,1,14231,40,20371,57
0,0,0,0,0,0,1024,2,15070,43,17327,48
0,0,0,0,0,0,0,0,19799,56,20060,55
0,0,0,0,0,0,426,1,15829,45,17160,48
0,0,0,0,0,0,934,2,18065,51,12194,33
0,0,0,0,0,0,0,0,17621,50,17655,48
0,0,0,0,0,0,0,0,23817,67,15851,44
0,0,0,0,0,0,440,1,17807,49,17660,48
0,0,0,0,0,0,467,1,13929,38,12527,34
0,0,0,0,0,0,466,1,19266,53,17149,46
0,0,0,0,0,0,0,0,16876,46,19110,52
0,0,0,0,0,0,935,2,20341,56,16816,45
0,0,0,0,0,0,0,0,16379,45,21461,58
0,0,0,0,0,0,469,1,14896,42,16254,44
0,0,0,0,0,0,0,0,22040,61,18377,49
0,0,0,0,0,0,0,0,19000,52,15881,42
0,0,0,0,0,0,1983,4,21244,57,14453,38
0,0,0,0,0,0,0,0,14260,38,15477,41
0,0,0,0,0,0,935,2,20785,56,18018,48
0,0,0,0,0,0,446,1,21720,58,14799,39
0,0,0,0,0,0,478,1,13037,35,10926,29
0,0,0,0,0,0,1147,2,16538,44,18545,48
0,0,0,0,0,0,1397,3,18346,49,16342,43
0,0,0,0,0,0,0,0,24624,66,17440,46
0,0,0,0,0,0,0,0,16611,45,16073,42
0,0,0,0,0,0,0,0,13751,37,22435,59
0,0,0,0,0,0,0,0,13343,35,17499,45
0,0,0,0,0,0,962,2,16333,43,20676,54
0,0,0,0,0,0,0,0,17223,46,20482,52
0,0,0,0,0,0,2019,4,14338,38,18008,46
0,0,0,0,0,0,473,1,19064,50,17857,46
0,0,0,0,0,0,459,1,16047,42,21324,55
0,0,0,0,0,0,960,2,22973,60,18305,47
0,0,0,0,0,0,945,2,18608,49,22034,56
0,0,0,0,0,0,476,1,17159,45,20001,51
0,0,0,0,0,0,1004,2,22946,60,18642,47
0,0,0,0,0,0,501,1,17354,45,24271,61
0,0,0,0,0,0,1198,2,20543,53,18997,48
0,0,0,0,0,0,0,0,17642,46,22117,55
0,0,0,0,0,0,1093,2,13078,34,21444,54
0,0,0,0,0,0,952,2,16726,43,15273,38
0,0,0,0,0,0,2251,4,14759,38,21307,53
0,0,0,0,0,0,0,0,18879,48,19712,49
0,0,0,0,0,0,488,1,24637,63,16504,41
0,0,0,0,0,0,0,0,17625,45,21466,53
0,0,0,0,0,0,1955,4,15272,39,20704,51
0,0,0,0,0,0,0,0,23271,59,22041,54
0,0,0,0,0,0,1048,2,30867,77,24747,61
0,0,0,0,0,0,0,0,19026,49,25710,63
0,0,0,0,0,0,563,1,22415,56,29363,72
0,0,0,0,0,0,502,1,21827,53,21106,52
0,0,0,0,0,0,500,1,21661,55,25771,62
0,0,0,0,0,0,1529,3,22375,56,17124,42
0,0,0,0,0,0,1241,2,25641,64,21851,52
0,0,0,0,0,0,1063,2,24600,61,27657,67
0,0,0,0,0,0,545,1,19376,48,25868,63
0,0,0,0,0,0,1145,2,28899,71,28091,67
0,0,0,0,0,0,519,1,24653,61,32980,79
0,0,0,0,0,0,1633,3,22442,56,28850,69
0,0,0,0,0,0,0,0,30951,76,29857,71
0,0,0,0,0,0,0,0,24997,61,25504,56
0,0,0,0,0,0,1579,3,29386,72,27224,65
0,0,0,0,0,0,1560,3,25397,62,23373,55
0,0,0,0,0,0,522,1,22450,55,32570,77
0,0,0,0,0,0,0,0,31338,76,33375,78
0,0,0,0,0,0,0,0,30714,73,27935,66
0,0,0,0,0,0,1184,2,32076,77,29479,69
0,0,0,0,0,0,0,0,32037,77,29849,69
0,0,0,0,0,0,514,1,30982,74,30325,71
0,0,0,0,0,0,0,0,30282,73,29362,68
0,0,0,0,0,0,538,1,29466,70,32995,76
0,0,0,0,0,0,600,1,36665,87,35174,81
0,0,0,0,0,0,518,1,32163,77,33269,77
0,0,0,0,0,0,580,1,34609,83,36087,83
0,0,0,0,0,0,2127,4,38224,91,33886,78
0,0,0,0,0,0,1177,2,32708,78,40601,92
0,0,0,0,0,0,1631,3,29633,70,34620,79
0,0,0,0,0,0,0,0,40278,95,40580,93
0,0,0,0,0,0,0,0,39286,93,37992,87
0,0,0,0,0,0,643,1,36381,86,43547,99
0,0,0,0,0,0,1138,2,30722,72,41946,95
0,0,0,0,0,0,0,0,35262,83,39785,90
0,0,0,0,0,0,2448,4,38357,90,36901,83
0,0,0,0,0,0,0,0,39728,93,37880,85
0,0,0,0,0,0,0,0,32850,76,40153,90
0,0,0,0,0,0,2311,4,46309,107,40576,91
0,0,0,0,0,0,575,1,42679,99,41443,93
0,0,0,0,0,0,648,1,41712,96,45440,102
0,0,0,0,0,0,531,1,45493,105,35501,78
0,0,0,0,0,0,1156,2,45837,106,41031,91
0,0,0,0,0,0,567,1,36557,84,35875,80
0,0,0,0,0,0,0,0,43438,100,32301,71
0,0,0,0,0,0,0,0,38954,88,37511,83
0,0,0,0,0,0,573,1,36890,85,41765,92
0,0,0,0,0,0,1281,2,38315,87,38618,84
0,0,0,0,0,0,0,0,32460,74,45065,99
0,0,0,0,0,0,2363,4,41089,92,33817,74
0,0,0,0,0,0,1810,3,37556,85,34317,75
0,0,0,0,0,0,686,1,43608,98,39038,85
0,0,0,0,0,0,599,1,35734,80,32612,71
0,0,0,0,0,0,0,0,26854,60,37363,81
0,0,0,0,0,0,0,0,35465,80,35107,76
0,0,0,0,0,0,0,0,44032,98,35637,77
0,0,0,0,0,0,560,1,39200,88,30328,65
0,0,0,0,0,0,0,0,35977,80,38230,82
0,0,0,0,0,0,1196,2,38483,86,33888,73
0,0,0,0,0,0,0,0,41205,92,37655,81
0,0,0,0,0,0,632,1,33464,73,37522,80
0,0,0,0,0,0,0,0,39582,88,35970,76
0,0,0,0,0,0,579,1,29071,64,34627,73
0,0,0,0,0,0,600,1,34771,77,31525,67
0,0,0,0,0,0,1216,2,27601,61,40030,85
0,0,0,0,0,0,617,1,30233,66,34487,73
0,0,0,0,0,0,0,0,28704,63,29126,62
0,0,0,0,0,0,642,1,29849,65,31015,65
0,0,0,0,0,0,0,0,28640,63,36406,76
0,0,0,0,0,0,748,1,32108,70,32433,68
0,0,0,0,0,0,583,1,25694,55,31597,66
0,0,0,0,0,0,618,1,31906,69,30590,64
0,0,0,0,0,0,0,0,27905,60,39131,82
0,0,0,0,0,0,643,1,35787,77,31740,66
0,0,0,0,0,0,0,0,27346,59,28886,60
0,0,0,0,0,0,731,1,28277,61,30961,64
0,0,0,0,0,0,1247,2,26933,58,33415,69
0,0,0,0,0,0,636,1,28434,61,28199,58
0,0,0,0,0,0,0,0,24583,53,30349,62
0,0,0,0,0,0,0,0,29553,64,20926,43
0,0,0,0,0,0,0,0,19280,40,20342,42
0,0,0,0,0,0,1386,2,19554,41,25402,52
0,0,0,0,0,0,0,0,24752,52,21861,45
0,0,0,0,0,0,2491,4,26826,57,25448,51
0,0,0,0,0,0,0,0,23456,50,21609,44
0,0,0,0,0,0,1519,2,25902,55,30087,61
0,0,0,0,0,0,647,1,26049,55,23029,47
0,0,0,0,0,0,0,0,22118,47,27401,56
0,0,0,0,0,0,1337,2,28767,59,28925,58
0,0,0,0,0,0,756,1,20092,42,27009,54
0,0,0,0,0,0,2726,4,22358,46,26524,53
0,0,0,0,0,0,604,1,21822,45,24373,49
0,0,0,0,0,0,1246,2,25425,53,24638,49
0,0,0,0,0,0,0,0,23173,48,23375,46
0,0,0,0,0,0,0,0,20243,42,22911,46
0,0,0,0,0,0,652,1,20574,43,23719,47
0,0,0,0,0,0,0,0,19211,40,27604,55
0,0,0,0,0,0,0,0,18982,39,19344,38
0,0,0,0,0,0,1360,2,20831,43,21740,43
0,0,0,0,0,0,0,0,24916,51,24884,49
0,0,0,0,0,0,1400,2,19556,40,20896,41
0,0,0,0,0,0,0,0,28356,58,21511,42
0,0,0,0,0,0,0,0,26344,53,22868,45
0,0,0,0,0,0,1515,2,25980,53,22132,43
0,0,0,0,0,0,2035,3,20803,42,25257,49
0,0,0,0,0,0,661,1,19975,41,17686,34
0,0,0,0,0,0,0,0,23817,48,27024,52
0,0,0,0,0,0,1494,2,22000,45,24680,48
0,0,0,0,0,0,741,1,24063,49,19499,38
0,0,0,0,0,0,1361,2,21824,44,26836,52
0,0,0,0,0,0,1360,2,21068,41,27339,53
0,0,0,0,0,0,1335,2,23138,47,28632,55
0,0,0,0,0,0,745,1,24385,49,29138,56
0,0,0,0,0,0,705,1,21027,42,23523,45
0,0,0,0,0,0,0,0,23362,47,26158,50
0,0,0,0,0,0,1346,2,25095,50,19399,37
0,0,0,0,0,0,656,1,25074,50,32351,61
0,0,0,0,0,0,2065,3,21969,44,25761,49
0,0,0,0,0,0,0,0,17885,36,25381,48
0,0,0,0,0,0,1395,2,18347,37,26519,50
0,0,0,0,0,0,790,1,16821,33,19633,37
0,0,0,0,0,0,0,0,21050,42,24740,47
0,0,0,0,0,0,0,0,15832,31,26299,50
0,0,0,0,0,0,0,0,20369,40,26958,51
0,0,0,0,0,0,719,1,25793,51,15961,30
0,0,0,0,0,0,796,1,22456,44,18717,35
0,0,0,0,0,0,729,1,28535,56,18765,35
0,0,0,0,0,0,0,0,23071,45,17060,32
0,0,0,0,0,0,0,0,16480,31,18504,34
0,0,0,0,0,0,0,0,16880,33,20656,38
0,0,0,0,0,0,0,0,19891,39,18275,34
0,0,0,0,0,0,733,1,21085,41,25270,47
0,0,0,0,0,0,1335,2,18242,35,21653,40
0,0,0,0,0,0,856,1,18895,36,24334,45
0,0,0,0,0,0,719,1,24399,47,19076,35
0,0,0,0,0,0,1505,2,26987,52,22157,41
0,0,0,0,0,0,741,1,21478,41,18892,35
0,0,0,0,0,0,2143,3,21767,42,17778,33
0,0,0,0,0,0,707,1,20328,39,18546,34
0,0,0,0,0,0,719,1,18000,34,20749,38
0,0,0,0,0,0,3068,4,21716,42,17021,31
0,0,0,0,0,0,722,1,20043,38,17478,32
0,0,0,0,0,0,736,1,14088,27,17614,32
0,0,0,0,0,0,0,0,17699,34,17850,32
0,0,0,0,0,0,0,0,16540,31,17534,32
0,0,0,0,0,0,728,1,20939,40,18903,31
0,0,0,0,0,0,2278,3,12040,23,20847,38
0,0,0,0,0,0,1454,2,16046,30,19461,35
0,0,0,0,0,0,773,1,13838,26,21607,39
0,0,0,0,0,0,730,1,14836,28,16679,30
0,0,0,0,0,0,810,1,12327,23,15254,27
0,0,0,0,0,0,780,1,21965,41,18551,33
0,0,0,0,0,0,830,1,13889,26,15061,27
0,0,0,0,0,0,719,1,14912,28,18428,33
0,0,0,0,0,0,1441,2,16508,31,17316,31
0,0,0,0,0,0,1476,2,14601,27,15666,28
0,0,0,0,0,0,872,1,14641,27,15645,28
0,0,0,0,0,0,0,0,17504,32,18757,33
0,0,0,0,0,0,711,1,16685,31,18705,33
0,0,0,0,0,0,0,0,16219,30,17368,31
0,0,0,0,0,0,859,1,13203,24,14176,25
0,0,0,0,0,0,0,0,15352,28,13730,24
0,0,0,0,0,0,0,0,12771,23,10856,19
0,0,0,0,0,0,0,0,11435,21,17743,31
0,0,0,0,0,0,1485,2,14802,27,14456,25
0,0,0,0,0,0,0,0,15938,29,14534,25
0,0,0,0,0,0,773,1,14071,26,16142,28
0,0,0,0,0,0,838,1,12097,22,16151,28
0,0,0,0,0,0,803,1,13371,24,14326,25
0,0,0,0,0,0,765,1,19345,35,14496,25
0,0,0,0,0,0,0,0,18494,33,14933,26
0,0,0,0,0,0,742,1,16047,29,17907,31
0,0,0,0,0,0,0,0,17544,31,16832,29
0,0,0,0,0,0,2312,3,14335,26,15567,27
0,0,0,0,0,0,0,0,15488,28,13366,23
0,0,0,0,0,0,755,1,18413,30,15886,27
0,0,0,0,0,0,0,0,14676,26,14032,24
0,0,0,0,0,0,0,0,15936,28,15134,26
0,0,0,0,0,0,871,1,15296,27,12947,22
0,0,0,0,0,0,753,1,14066,25,16467,28
0,0,0,0,0,0,0,0,17512,31,15987,27
0,0,0,0,0,0,0,0,16926,30,13758,23
0,0,0,0,0,0,769,1,14984,26,8268,14
0,0,0,0,0,0,0,0,10534,19,13011,22
0,0,0,0,0,0,2315,3,14629,26,15461,26
0,0,0,0,0,0,2521,3,11031,20,14750,25
0,0,0,0,0,0,2389,3,12060,21,15706,26
0,0,0,0,0,0,1781,2,11234,20,14929,25
0,0,0,0,0,0,774,1,11572,20,11813,20
0,0,0,0,0,0,2349,3,17329,30,19008,32
0,0,0,0,0,0,1529,2,17356,30,13734,23
0,0,0,0,0,0,1793,2,13586,23,14978,25
0,0,0,0,0,0,764,1,15921,28,8808,15
0,0,0,0,0,0,1721,2,11495,20,15067,25
0,0,0,0,0,0,741,1,13798,24,7171,12
0,0,0,0,0,0,0,0,12902,22,11949,20
0,0,0,0,0,0,779,1,13060,22,13494,22
0,0,0,0,0,0,0,0,12006,21,13803,23
0,0,0,0,0,0,0,0,9807,17,13295,22
0,0,0,0,0,0,2511,3,12358,21,18251,30
0,0,0,0,0,0,0,0,11105,19,7956,13
0,0,0,0,0,0,1520,2,12159,21,16504,27
0,0,0,0,0,0,1841,2,17534,30,15189,25
0,0,0,0,0,0,843,1,12319,21,14050,23
0,0,0,0,0,0,778,1,11648,20,9849,16
0,0,0,0,0,0,1538,2,17649,30,12842,21
0,0,0,0,0,0,742,1,9375,16,13958,23
0,0,0,0,0,0,0,0,14440,25,14789,24
0,0,0,0,0,0,930,1,13997,24,13477,22
0,0,0,0,0,0,854,1,10985,19,8696,14
0,0,0,0,0,0,0,0,9532,16,11703,19
0,0,0,0,0,0,1735,2,16678,28,10534,17
0,0,0,0,0,0,761,1,11160,19,16061,26
0,0,0,0,0,0,1579,2,9550,16,13006,21
0,0,0,0,0,0,945,1,9888,17,16177,26
0,0,0,0,0,0,3494,4,19708,33,12561,20
0,0,0,0,0,0,1632,2,13651,23,12501,20
0,0,0,0,0,0,0,0,13214,22,8734,14
0,0,0,0,0,0,0,0,11034,19,13124,21
0,0,0,0,0,0,0,0,9657,16,13958,22
0,0,0,0,0,0,778,1,7676,13,12068,19
0,0,0,0,0,0,0,0,5417,9,10543,17
0,0,0,0,0,0,0,0,7161,12,12584,20
0,0,0,0,0,0,0,0,9121,15,8888,14
0,0,0,0,0,0,1675,2,12114,20,12066,19
0,0,0,0,0,0,0,0,10178,17,13984,22
0,0,0,0,0,0,933,1,9070,15,11629,18
0,0,0,0,0,0,2456,3,10371,17,8160,13
0,0,0,0,0,0,2510,3,8894,15,12287,19
0,0,0,0,0,0,812,1,9059,15,8890,14
0,0,0,0,0,0,1041,1,15572,26,16978,27
0,0,0,0,0,0,0,0,10315,17,14763,23
0,0,0,0,0,0,1832,2,8579,14,6982,11
0,0,0,0,0,0,0,0,9596,16,11440,18
0,0,0,0,0,0,2621,3,8574,14,11533,18
0,0,0,0,0,0,2410,3,13170,21,12832,20
0,0,0,0,0,0,1782,2,9065,15,10973,17
0,0,0,0,0,0,0,0,12900,21,9644,15
0,0,0,0,0,0,0,0,11925,19,12279,19
0,0,0,0,0,0,771,1,11587,19,6460,10
0,0,0,0,0,0,0,0,10471,17,14874,23
0,0,0,0,0,0,0,0,9874,16,7905,12
0,0,0,0,0,0,795,1,10061,16,12216,19
0,0,0,0,0,0,2682,3,15857,26,10317,16
0,0,0,0,0,0,896,1,16938,27,11049,17
0,0,0,0,0,0,875,1,9959,16,11113,17
0,0,0,0,0,0,0,0,12661,20,7291,11
0,0,0,0,0,0,834,1,7505,12,10419,16
0,0,0,0,0,0,824,1,10507,17,10572,16
0,0,0,0,0,0,0,0,14276,23,8517,13
0,0,0,0,0,0,1047,1,8750,14,9372,14
0,0,0,0,0,0,0,0,9064,14,8687,13
0,0,0,0,0,0,0,0,8167,13,8549,13
0,0,0,0,0,0,844,1,8217,13,11235,17
0,0,0,0,0,0,2827,3,8700,14,13379,20
0,0,0,0,0,0,2033,2,7620,12,7939,12
0,0,0,0,0,0,0,0,5829,9,8700,13
0,0,0,0,0,0,0,0,12848,20,13265,20
0,0,0,0,0,0,0,0,14511,23,9156,14
0,0,0,0,0,0,0,0,7011,11,12033,18
0,0,0,0,0,0,878,1,8775,14,18048,27
0,0,0,0,0,0,1886,2,10803,17,12051,18
0,0,0,0,0,0,961,1,8879,14,10428,16
0,0,0,0,0,0,0,0,7858,12,8170,12
0,0,0,0,0,0,830,1,5157,8,12711,19
0,0,0,0,0,0,1847,2,8216,13,12126,18
0,0,0,0,0,0,0,0,11209,17,11229,17
0,0,0,0,0,0,1667,2,7403,12,12666,19
0,0,0,0,0,0,915,1,7747,12,11359,17
0,0,0,0,0,0,859,1,7792,12,12212,18
0,0,0,0,0,0,845,1,9609,15,12204,18
0,0,0,0,0,0,0,0,9943,15,7612,11
0,0,0,0,0,0,0,0,11193,17,8959,13
0,0,0,0,0,0,867,1,10593,16,11572,17
0,0,0,0,0,0,2667,3,9176,14,10216,15
0,0,0,0,0,0,0,0,12575,19,8082,12
0,0,0,0,0,0,0,0,9068,14,9646,14
0,0,0,0,0,0,1751,2,5119,8,6211,9
0,0,0,0,0,0,3023,3,7752,12,11732,17
0,0,0,0,0,0,0,0,11113,17,8349,12
0,0,0,0,0,0,0,0,14390,22,9684,14
0,0,0,0,0,0,0,0,10732,16,11786,17
0,0,0,0,0,0,1735,2,10521,16,6916,10
0,0,0,0,0,0,0,0,5415,8,7550,11
0,0,0,0,0,0,889,1,5361,8,9722,14
0,0,0,0,0,0,1021,1,11217,17,10307,15
0,0,0,0,0,0,905,1,9436,14,10679,15
0,0,0,0,0,0,854,1,8527,13,13268,19
0,0,0,0,0,0,0,0,11183,17,8435,12
0,0,0,0,0,0,0,0,12949,19,9001,13
0,0,0,0,0,0,0,0,8624,13,9890,14
0,0,0,0,0,0,1022,1,5512,8,8378,12
0,0,0,0,0,0,1139,1,12300,18,10512,15
0,0,0,0,0,0,1847,2,8058,12,9296,13
0,0,0,0,0,0,1865,2,7454,11,14046,20
0,0,0,0,0,0,1887,2,6682,10,12807,18
0,0,0,0,0,0,1763,2,4149,6,7057,10
0,0,0,0,0,0,0,0,11633,17,14163,20
0,0,0,0,0,0,1879,2,6081,9,6909,10
0,0,0,0,0,0,0,0,8842,13,10043,14
0,0,0,0,0,0,1018,1,9393,14,14031,20
0,0,0,0,0,0,0,0,7431,11,6436,9
0,0,0,0,0,0,1914,2,8402,12,9425,13
0,0,0,0,0,0,1963,2,7498,11,9915,14
0,0,0,0,0,0,1089,1,10316,15,4349,6
0,0,0,0,0,0,875,1,9553,14,10070,14
0,0,0,0,0,0,893,1,7512,11,7920,11
0,0,0,0,0,0,891,1,9490,14,7936,11
0,0,0,0,0,0,931,1,5379,8,10034,14
0,0,0,0,0,0,1079,1,4068,6,10033,14
0,0,0,0,0,0,897,1,9517,14,9324,13
0,0,0,0,0,0,0,0,7692,11,12403,17
0,0,0,0,0,0,0,0,13034,19,7377,10
0,0,0,0,0,0,0,0,10225,15,11392,16
0,0,0,0,0,0,1047,1,13986,20,9983,14
0,0,0,0,0,0,2801,3,11159,16,8769,12
0,0,0,0,0,0,0,0,4302,6,8759,12
0,0,0,0,0,0,922,1,9139,13,10119,14
0,0,0,0,0,0,0,0,8250,12,6612,9
0,0,0,0,0,0,885,1,7774,11,8869,12
0,0,0,0,0,0,1854,2,7140,10,9630,13
0,0,0,0,0,0,928,1,8572,12,10342,14
0,0,0,0,0,0,0,0,8414,12,6645,9
0,0,0,0,0,0,1153,1,9733,14,10883,15
0,0,0,0,0,0,978,1,9727,14,8953,12
0,0,0,0,0,0,892,1,7021,10,13121,18
0,0,0,0,0,0,940,1,12032,17,8854,12
0,0,0,0,0,0,0,0,12194,17,10171,14
0,0,0,0,0,0,926,1,12113,17,7380,10
0,0,0,0,0,0,954,1,8671,12,7274,10
0,0,0,0,0,0,1014,1,12667,18,8822,12
0,0,0,0,0,0,985,1,12923,18,10295,14
0,0,0,0,0,0,963,1,5814,8,9615,13
0,0,0,0,0,0,0,0,10655,15,10362,14
0,0,0,0,0,0,998,1,10739,15,6101,8
0,0,0,0,0,0,0,0,12698,18,7364,10
0,0,0,0,0,0,969,1,9992,14,4451,6
0,0,0,0,0,0,1089,1,5743,8,5942,8
0,0,0,0,0,0,920,1,9416,13,10378,14
0,0,0,0,0,0,2044,2,11356,16,5979,8
0,0,0,0,0,0,2071,2,7796,11,8869,12
0,0,0,0,0,0,0,0,10809,15,12622,17
0,0,0,0,0,0,925,1,10909,15,11308,15
0,0,0,0,0,0,1063,1,6802,9,9754,13
0,0,0,0,0,0,1053,1,10127,14,4531,6
0,0,0,0,0,0,0,0,11101,15,10476,14
0,0,0,0,0,0,0,0,13115,18,6054,8
0,0,0,0,0,0,0,0,7723,10,8806,12
0,0,0,0,0,0,0,0,11753,16,9736,13
0,0,0,0,0,0,2084,2,8746,12,9844,13
0,0,0,0,0,0,1163,1,8096,11,10709,14
0,0,0,0,0,0,1135,1,9366,13,11386,15
0,0,0,0,0,0,1053,1,10444,14,7736,10
0,0,0,0,0,0,0,0,7915,11,9880,13
0,0,0,0,0,0,1945,2,7958,11,9189,12
0,0,0,0,0,0,3113,3,4588,6,9883,13
0,0,0,0,0,0,2088,2,8903,12,7833,10
0,0,0,0,0,0,1012,1,8643,12,9248,12
0,0,0,0,0,0,952,1,12243,16,4609,6
0,0,0,0,0,0,1089,1,5904,8,5399,7
0,0,0,0,0,0,0,0,8174,11,7162,9
0,0,0,0,0,0,1047,1,8158,11,9934,13
0,0,0,0,0,0,1051,1,5305,7,10116,13
0,0,0,0,0,0,0,0,2129,3,8651,11
0,0,0,0,0,0,976,1,4415,6,9303,12
0,0,0,0,0,0,894,1,4433,6,8473,11
0,0,0,0,0,0,2004,2,6662,9,3793,5
0,0,0,0,0,0,1921,2,8874,12,8675,11
0,0,0,0,0,0,0,0,5266,7,9338,12
0,0,0,0,0,0,2128,2,11180,15,8482,11
0,0,0,0,0,0,1195,1,9736,13,6924,9
0,0,0,0,0,0,1178,1,9845,13,5315,7
0,0,0,0,0,0,0,0,2163,3,8649,11
0,0,0,0,0,0,2198,2,3810,5,3892,5
0,0,0,0,0,0,992,1,7259,10,7074,9
0,0,0,0,0,0,936,1,4597,6,7823,10
0,0,0,0,0,0,0,0,6695,9,8465,11
0,0,0,0,0,0,0,0,14893,20,12555,16
0,0,0,0,0,0,4000,4,3938,5,4800,6
0,0,0,0,0,0,1040,1,6769,9,9318,12
0,0,0,0,0,0,1002,1,8278,11,11046,14
0,0,0,0,0,0,0,0,1488,2,4004,5
0,0,0,0,0,0,1066,1,3707,5,8765,11
0,0,0,0,0,0,2052,2,9845,13,7815,10
0,0,0,0,0,0,958,1,5342,7,7939,10
0,0,0,0,0,0,0,0,7598,10,4719,6
0,0,0,0,0,0,0,0,4536,6,7035,9
0,0,0,0,0,0,0,0,8413,11,3182,4
0,0,0,0,0,0,1156,1,3709,5,6442,8
0,0,0,0,0,0,2013,2,2363,3,3231,4
0,0,0,0,0,0,2081,2,3135,4,5545,7
0,0,0,0,0,0,0,0,3856,5,9716,12
0,0,0,0,0,0,0,0,11286,14,4010,5
0,0,0,0,0,0,1013,1,5391,7,6514,8
0,0,0,0,0,0,2139,2,5268,7,7211,9
0,0,0,0,0,0,0,0,9351,12,8924,11
0,0,0,0,0,0,3112,3,5393,7,5673,7
0,0,0,0,0,0,2085,2,3079,4,7159,9
0,0,0,0,0,0,0,0,7079,9,5600,7
0,0,0,0,0,0,1137,1,2329,3,4106,5
0,0,0,0,0,0,1107,1,5554,7,4891,6
0,0,0,0,0,0,0,0,7804,10,5791,7
0,0,0,0,0,0,3082,3,4883,6,4945,6
0,0,0,0,0,0,0,0,7096,9,9019,11
0,0,0,0,0,0,5728,5,4668,6,4006,5
0,0,0,0,0,0,0,0,7912,10,4778,6
0,0,0,0,0,0,1259,1,7953,10,3332,4
0,0,0,0,0,0,0,0,9459,12,6587,8
0,0,0,0,0,0,0,0,3825,5,5725,7
0,0,0,0,0,0,1045,1,5494,7,2428,3
0,0,0,0,0,0,3460,3,1614,2,7345,9
0,0,0,0,0,0,1104,1,4743,6,6481,8
0,0,0,0,0,0,1170,1,7824,10,4092,5
0,0,0,0,0,0,2698,2,5304,6,7474,9
0,0,0,0,0,0,0,0,5471,7,3266,4
0,0,0,0,0,0,1079,1,3189,4,5020,6
0,0,0,0,0,0,1134,1,4747,6,2495,3
0,0,0,0,0,0,0,0,5528,7,4120,5
0,0,0,0,0,0,1167,1,4887,6,5871,7
0,0,0,0,0,0,0,0,11977,15,4891,6
0,0,0,0,0,0,0,0,831,1,9149,11
0,0,0,0,0,0,2267,2,3934,5,10015,12
0,0,0,0,0,0,3279,3,3936,5,1656,2
0,0,0,0,0,0,2172,2,2405,3,4207,5
0,0,0,0,0,0,0,0,4965,6,11761,14
0,0,0,0,0,0,0,0,2526,3,5025,6
0,0,0,0,0,0,2321,2,2570,3,5961,7
0,0,0,0,0,0,0,0,3982,5,4272,5
0,0,0,0,0,0,0,0,4111,5,4196,5
0,0,0,0,0,0,2202,2,8180,10,5148,6
0,0,0,0,0,0,1026,1,4925,6,7614,9
0,0,0,0,0,0,2191,2,8970,11,5970,7
0,0,0,0,0,0,1325,1,7305,9,6601,8
0,0,0,0,0,0,0,0,3198,4,2572,3
0,0,0,0,0,0,0,0,10702,13,7768,9
0,0,0,0,0,0,0,0,3993,5,5044,6
0,0,0,0,0,0,0,0,6604,8,6779,8
0,0,0,0,0,0,4428,4,3432,4,5912,7
0,0,0,0,0,0,1139,1,6662,8,1779,2
0,0,0,0,0,0,0,0,7331,9,5170,6
0,0,0,0,0,0,0,0,3237,4,8598,10
0,0,0,0,0,0,1118,1,3189,4,3315,4
0,0,0,0,0,0,1129,1,6610,8,6694,8
0,0,0,0,0,0,0,0,6526,8,5885,7
0,0,0,0,0,0,1093,1,5021,6,4288,5
0,0,0,0,0,0,1063,1,5773,7,3401,4
0,0,0,0,0,0,0,0,6616,8,1844,2
0,0,0,0,0,0,0,0,9572,12,4258,5
0,0,0,0,0,0,0,0,5608,7,5975,7
0,0,0,0,0,0,0,0,1684,2,1836,2
0,0,0,0,0,0,1144,1,1668,2,4230,5
0,0,0,0,0,0,1172,1,2502,3,7965,9
0,0,0,0,0,0,2368,2,4842,6,6978,8
0,0,0,0,0,0,1164,1,7496,9,10301,12
0,0,0,0,0,0,0,0,6655,8,1779,2
0,0,0,0,0,0,0,0,7346,9,8669,10
0,0,0,0,0,0,1187,1,5923,7,8525,10
0,0,0,0,0,0,2168,2,4995,6,5264,6
0,0,0,0,0,0,0,0,11925,14,10426,12
0,0,0,0,0,0,0,0,7422,9,5018,6
0,0,0,0,0,0,1101,1,6638,8,3413,4
0,0,0,0,0,0,0,0,6822,8,3437,4
0,0,0,0,0,0,0,0,6585,8,8699,10
0,0,0,0,0,0,5834,5,1697,2,3455,4
0,0,0,0,0,0,2348,2,5730,7,11360,13
0,0,0,0,0,0,1110,1,7674,9,1736,2
0,0,0,0,0,0,0,0,5098,6,5244,6
0,0,0,0,0,0,1165,1,6059,7,3541,4
0,0,0,0,0,0,2254,2,6766,8,8152,9
0,0,0,0,0,0,0,0,3546,4,2608,3
0,0,0,0,0,0,1096,1,4158,5,6120,7
0,0,0,0,0,0,0,0,7658,9,7931,9
0,0,0,0,0,0,0,0,11919,14,3528,4
0,0,0,0,0,0,0,0,4126,5,6312,7
0,0,0,0,0,0,1161,1,6871,8,10512,12
0,0,0,0,0,0,0,0,9524,11,4330,5
0,0,0,0,0,0,0,0,6666,8,1753,2
0,0,0,0,0,0,0,0,3560,4,8917,10
0,0,0,0,0,0,1260,1,5162,6,10809,12
0,0,0,0,0,0,0,0,5929,7,7918,9
0,0,0,0,0,0,0,0,2618,3,4398,5
0,0,0,0,0,0,2599,2,4403,5,6334,7
0,0,0,0,0,0,2192,2,5072,6,4513,5
0,0,0,0,0,0,0,0,8463,10,8943,10
0,0,0,0,0,0,0,0,14660,16,2694,3
0,0,0,0,0,0,3497,3,9568,11,3536,4
0,0,0,0,0,0,4929,4,5230,6,5322,6
0,0,0,0,0,0,0,0,3389,4,7213,8
0,0,0,0,0,0,2488,2,5163,6,8106,9
0,0,0,0,0,0,0,0,8683,10,2726,3
0,0,0,0,0,0,0,0,3434,4,4475,5
0,0,0,0,0,0,0,0,6123,7,9045,10
0,0,0,0,0,0,2380,2,3502,4,4464,5
0,0,0,0,0,0,0,0,4372,5,7250,8
0,0,0,0,0,0,0,0,6070,7,9120,10
0,0,0,0,0,0,1174,1,8799,10,5526,6
0,0,0,0,0,0,0,0,2619,3,5417,6
0,0,0,0,0,0,1246,1,6298,7,6356,7
0,0,0,0,0,0,1266,1,6326,7,11059,12
0,0,0,0,0,0,0,0,6903,8,8284,9
0,0,0,0,0,0,2322,2,5158,6,5602,6
0,0,0,0,0,0,0,0,5239,6,12073,13
0,0,0,0,0,0,0,0,6107,7,6401,7
0,0,0,0,0,0,2412,2,5151,6,11120,12
0,0,0,0,0,0,1216,1,5240,6,10135,11
0,0,0,0,0,0,1131,1,2724,3,9233,10
0,0,0,0,0,0,1346,1,4414,5,3655,4
0,0,0,0,0,0,0,0,3460,4,6438,7
0,0,0,0,0,0,2272,2,2627,3,5478,6
0,0,0,0,0,0,0,0,6165,7,5621,6
0,0,0,0,0,0,1220,1,8073,9,4542,5
0,0,0,0,0,0,0,0,7913,9,7436,8
0,0,0,0,0,0,1226,1,4471,5,6441,7
0,0,0,0,0,0,0,0,6322,7,5549,6
0,0,0,0,0,0,0,0,6210,7,5481,6
0,0,0,0,0,0,1227,1,2708,3,8435,9
0,0,0,0,0,0,0,0,6288,7,6365,7
0,0,0,0,0,0,0,0,6214,7,5574,6
0,0,0,0,0,0,1151,1,8984,10,7397,8
0,0,0,0,0,0,0,0,4608,5,3688,4
0,0,0,0,0,0,2418,2,6600,7,5460,6
0,0,0,0,0,0,1191,1,2815,3,7470,8
0,0,0,0,0,0,1170,1,2681,3,4743,5
0,0,0,0,0,0,1353,1,5394,6,6399,7
0,0,0,0,0,0,1140,1,3537,4,5591,6
0,0,0,0,0,0,1161,1,5311,6,2812,3
0,0,0,0,0,0,0,0,6626,7,2819,3
0,0,0,0,0,0,1286,1,6369,7,6583,7
0,0,0,0,0,0,0,0,2716,3,8535,9
0,0,0,0,0,0,0,0,2712,3,976,1
0,0,0,0,0,0,2550,2,3605,4,1816,2
0,0,0,0,0,0,1265,1,0,0,2883,3
0,0,0,0,0,0,0,0,3706,4,4715,5
0,0,0,0,0,0,0,0,2798,3,7705,8
0,0,0,0,0,0,1260,1,4736,5,6633,7
0,0,0,0,0,0,0,0,6265,7,1022,1
0,0,0,0,0,0,1365,1,1833,2,2860,3
0,0,0,0,0,0,4103,3,7201,8,1828,2
0,0,0,0,0,0,0,0,5549,6,3731,4
0,0,0,0,0,0,1427,1,4535,5,3776,4
0,0,0,0,0,0,2571,2,5619,6,2809,3
0,0,0,0,0,0,2446,2,1786,2,3787,4
0,0,0,0,0,0,1241,1,1870,2,997,1
0,0,0,0,0,0,1222,1,2742,3,3901,4
0,0,0,0,0,0,2631,2,4638,5,5687,6
0,0,0,0,0,0,0,0,5523,6,6647,7
0,0,0,0,0,0,0,0,1917,2,6578,7
0,0,0,0,0,0,1298,1,1914,2,4746,5
0,0,0,0,0,0,0,0,6457,7,1876,2
0,0,0,0,0,0,0,0,5580,6,3755,4
0,0,0,0,0,0,0,0,4705,5,1009,1
0,0,0,0,0,0,2542,2,5662,6,5726,6
0,0,0,0,0,0,0,0,1816,2,3867,4
0,0,0,0,0,0,0,0,4649,5,3223,3
0,0,0,0,0,0,0,0,986,1,1922,2
0,0,0,0,0,0,1454,1,5608,6,4839,5
0,0,0,0,0,0,0,0,2925,3,2035,2
0,0,0,0,0,0,1294,1,1867,2,7845,8
0,0,0,0,0,0,2565,2,2881,3,5781,6
0,0,0,0,0,0,2563,2,3750,4,4927,5
0,0,0,0,0,0,1289,1,4662,5,1927,2
0,0,0,0,0,0,1272,1,5899,6,2928,3
0,0,0,0,0,0,0,0,927,1,2933,3
0,0,0,0,0,0,0,0,5832,6,3050,3
0,0,0,0,0,0,0,0,3718,4,5834,6
0,0,0,0,0,0,1228,1,3657,4,5775,6
0,0,0,0,0,0,0,0,2878,3,1967,2
0,0,0,0,0,0,0,0,3737,4,3152,3
0,0,0,0,0,0,1312,1,3654,4,3932,4
0,0,0,0,0,0,1394,1,2902,3,2850,3
0,0,0,0,0,0,1257,1,5664,6,2912,3
0,0,0,0,0,0,0,0,5716,6,2013,2
0,0,0,0,0,0,0,0,6453,7,3879,4
0,0,0,0,0,0,0,0,4695,5,3941,4
0,0,0,0,0,0,0,0,6668,7,1927,2
0,0,0,0,0,0,2623,2,963,1,1006,1
0,0,0,0,0,0,1225,1,4629,5,5968,6
0,0,0,0,0,0,0,0,2815,3,6014,6
0,0,0,0,0,0,0,0,4767,5,2938,3
0,0,0,0,0,0,0,0,4849,5,2039,2
0,0,0,0,0,0,0,0,0,0,1923,2
0,0,0,0,0,0,0,0,2898,3,5076,5
0,0,0,0,0,0,0,0,5804,6,4984,5
0,0,0,0,0,0,0,0,5747,6,2973,3
0,0,0,0,0,0,0,0,956,1,3030,3
0,0,0,0,0,0,0,0,2909,3,3924,4
0,0,0,0,0,0,0,0,4840,5,0,0
0,0,0,0,0,0,0,0,3962,4,968,1
0,0,0,0,0,0,0,0,1879,2,7304,7
0,0,0,0,0,0,0,0,4801,5,5021,5
0,0,0,0,0,0,0,0,3890,4,4020,4
0,0,0,0,0,0,0,0,2876,3,968,1
0,0,0,0,0,0,0,0,2924,3,967,1
0,0,0,0,0,0,0,0,2859,3,6976,7
0,0,0,0,0,0,0,0,1910,2,2928,3
0,0,0,0,0,0,0,0,1909,2,4077,4
0,0,0,0,0,0,0,0,948,1,1985,2
0,0,0,0,0,0,0,0,5833,6,3078,3
0,0,0,0,0,0,0,0,4771,5,987,1
0,0,0,0,0,0,0,0,3881,4,2039,2
0,0,0,0,0,0,0,0,5977,6,5990,6
0,0,0,0,0,0,0,0,2029,2,2004,2
0,0,0,0,0,0,0,0,1890,2,2003,2
0,0,0,0,0,0,0,0,2956,3,4110,4
0,0,0,0,0,0,0,0,2935,3,8181,8
0,0,0,0,0,0,0,0,6873,7,4058,4
0,0,0,0,0,0,0,0,4958,5,2038,2
0,0,0,0,0,0,0,0,0,0,979,1
0,0,0,0,0,0,0,0,2030,2,980,1
0,0,0,0,0,0,0,0,1970,2,3007,3
0,0,0,0,0,0,0,0,1923,2,3119,3
0,0,0,0,0,0,0,0,4975,5,2039,2
0,0,0,0,0,0,0,0,2316,2,5141,5
0,0,0,0,0,0,0,0,1990,2,6144,6
0,0,0,0,0,0,0,0,6080,6,6150,6
0,0,0,0,0,0,0,0,2014,2,6077,6
0,0,0,0,0,0,0,0,2884,3,5261,5
0,0,0,0,0,0,0,0,5008,5,1016,1
0,0,0,0,0,0,0,0,4008,4,6237,6
0,0,0,0,0,0,0,0,980,1,3291,3
0,0,0,0,0,0,0,0,1038,1,4151,4
0,0,0,0,0,0,0,0,1936,2,2135,2
0,0,0,0,0,0,0,0,6055,6,3101,3
0,0,0,0,0,0,0,0,1028,1,2130,2
0,0,0,0,0,0,0,0,2117,2,4185,4
0,0,0,0,0,0,0,0,2082,2,2058,2
0,0,0,0,0,0,0,0,1081,1,3142,3
0,0,0,0,0,0,0,0,0,0,1156,1
0,0,0,0,0,0,0,0,1998,2,2169,2
0,0,0,0,0,0,0,0,1014,1,1163,1
0,0,0,0,0,0,0,0,2948,3,4122,4
0,0,0,0,0,0,0,0,951,1,2029,2
0,0,0,0,0,0,0,0,1980,2,1011,1
0,0,0,0,0,0,0,0,2993,3,1044,1
0,0,0,0,0,0,0,0,4054,4,4117,4
0,0,0,0,0,0,0,0,7103,7,0,0
0,0,0,0,0,0,0,0,1048,1,3160,3
0,0,0,0,0,0,0,0,2039,2,1060,1
0,0,0,0,0,0,0,0,5122,5,2064,2
0,0,0,0,0,0,0,0,2925,3,3098,3
0,0,0,0,0,0,0,0,3224,3,1043,1
0,0,0,0,0,0,0,0,1959,2,2077,2
0,0,0,0,0,0,0,0,4147,4,2150,2
0,0,0,0,0,0,0,0,2970,3,7398,7
0,0,0,0,0,0,0,0,1984,2,1047,1
0,0,0,0,0,0,0,0,2166,2,1126,1
0,0,0,0,0,0,0,0,2012,2,1042,1
0,0,0,0,0,0,0,0,0,0,7432,7
0,0,0,0,0,0,0,0,1035,1,2174,2
0,0,0,0,0,0,0,0,1975,2,2459,2
0,0,0,0,0,0,0,0,5219,5,2140,2
0,0,0,0,0,0,0,0,4083,4,0,0
0,0,0,0,0,0,0,0,3170,3,0,0
0,0,0,0,0,0,0,0,982,1,0,0
0,0,0,0,0,0,0,0,1039,1,0,0
0,0,0,0,0,0,0,0,1260,1,3062,3
0,0,0,0,0,0,0,0,2143,2,5290,5
0,0,0,0,0,0,0,0,3219,3,1080,1
0,0,0,0,0,0,0,0,3040,3,3202,3
0,0,0,0,0,0,0,0,2158,2,2127,2
0,0,0,0,0,0,0,0,2046,2,1154,1
0,0,0,0,0,0,0,0,5067,5,0,0
0,0,0,0,0,0,0,0,1091,1,1178,1
0,0,0,0,0,0,0,0,1079,1,4285,4
0,0,0,0,0,0,0,0,994,1,3189,3
0,0,0,0,0,0,0,0,2110,2,0,0
0,0,0,0,0,0,0,0,999,1,2142,2
0,0,0,0,0,0,0,0,0,0,0,0
0,0,0,0,0,0,0,0,2140,2,0,0
0,0,0,0,0,0,0,0,998,1,2169,2
0,0,0,0,0,0,0,0,0,0,2120,2
0,0,0,0,0,0,0,0,0,0,3207,3
0,0,0,0,0,0,0,0,1104,1,0,0
0,0,0,0,0,0,0,0,2135,2,1058,1
0,0,0,0,0,0,0,0,2099,2,0,0
0,0,0,0,0,0,0,0,0,0,1058,1
0,0,0,0,0,0,0,0,997,1,3312,3
0,0,0,0,0,0,0,0,2094,2,2173,2
0,0,0,0,0,0,0,0,0,0,2096,2
0,0,0,0,0,0,0,0,0,0,0,0
0,0,0,0,0,0,0,0,1085,1,2206,2
0,0,0,0,0,0,0,0,1100,1,0,0
0,0,0,0,0,0,0,0,0,0,0,0
0,0,0,0,0,0,0,0,2157,2,1182,1
0,0,0,0,0,0,0,0,0,0,1087,1
0,0,0,0,0,0,0,0,991,1,2247,2
0,0,0,0,0,0,0,0,3318,3,2186,2
0,0,0,0,0,0,0,0,2010,2,1104,1
0,0,0,0,0,0,0,0,0,0,4372,4
0,0,0,0,0,0,0,0,3086,3,3269,3
0,0,0,0,0,0,0,0,1038,1,2272,2
0,0,0,0,0,0,0,0,0,0,1079,1
0,0,0,0,0,0,0,0,3334,3,2137,2
0,0,0,0,0,0,0,0,3217,3,1089,1
0,0,0,0,0,0,0,0,3213,3,1116,1
0,0,0,0,0,0,0,0,2103,2,0,0
0,0,0,0,0,0,0,0,1089,1,2134,2
0,0,0,0,0,0,0,0,0,0,1038,1
0,0,0,0,0,0,0,0,3145,3,3453,3
0,0,0,0,0,0,0,0,1024,1,1102,1
0,0,0,0,0,0,0,0,2307,2,3390,3
0,0,0,0,0,0,0,0,1021,1,2185,2
0,0,0,0,0,0,0,0,0,0,1099,1
0,0,0,0,0,0,0,0,1083,1,2234,2
0,0,0,0,0,0,0,0,1075,1,2252,2
0,0,0,0,0,0,0,0,0,0,3268,3
0,0,0,0,0,0,0,0,0,0,1140,1
0,0,0,0,0,0,0,0,2129,2,0,0
0,0,0,0,0,0,0,0,2115,2,4511,4
0,0,0,0,0,0,0,0,5292,5,1133,1
0,0,0,0,0,0,0,0,2116,2,2195,2
0,0,0,0,0,0,0,0,0,0,0,0
0,0,0,0,0,0,0,0,0,0,0,0
0,0,0,0,0,0,0,0,1144,1,0,0
0,0,0,0,0,0,0,0,2214,2,0,0
0,0,0,0,0,0,0,0,0,0,1095,1
0,0,0,0,0,0,0,0,1095,1,1164,1
0,0,0,0,0,0,0,0,2221,2,3467,3
0,0,0,0,0,0,0,0,0,0,1165,1
0,0,0,0,0,0,0,0,1184,1,3356,3
0,0,0,0,0,0,0,0,1043,1,1130,1
0,0,0,0,0,0,0,0,1123,1,1172,1
0,0,0,0,0,0,0,0,2250,2,0,0
0,0,0,0,0,0,0,0,1056,1,3381,3
0,0,0,0,0,0,0,0,2241,2,1114,1
0,0,0,0,0,0,0,0,0,0,1132,1
0,0,0,0,0,0,0,0,0,0,3586,3
0,0,0,0,0,0,0,0,1063,1,0,0
0,0,0,0,0,0,0,0,2213,2,1143,1
0,0,0,0,0,0,0,0,1094,1,3512,3
0,0,0,0,0,0,0,0,1118,1,1156,1
0,0,0,0,0,0,0,0,0,0,1169,1
0,0,0,0,0,0,0,0,1066,1,2335,2
0,0,0,0,0,0,0,0,1123,1,0,0
0,0,0,0,0,0,0,0,2263,2,0,0
0,0,0,0,0,0,0,0,1092,1,0,0
0,0,0,0,0,0,0,0,5723,5,1165,1
0,0,0,0,0,0,0,0,0,0,0,0
0,0,0,0,0,0,0,0,2278,2,2340,2
0,0,0,0,0,0,0,0,1071,1,1122,1
0,0,0,0,0,0,0,0,1071,1,2402,2
0,0,0,0,0,0,0,0,0,0,1182,1
0,0,0,0,0,0,0,0,1098,1,0,0
0,0,0,0,0,0,0,0,0,0,1128,1
0,0,0,0,0,0,0,0,1188,1,0,0
0,0,0,0,0,0,0,0,0,0,3518,3
0,0,0,0,0,0,0,0,4503,4,0,0
0,0,0,0,0,0,0,0,0,0,4731,4
0,0,0,0,0,0,0,0,1112,1,3451,3
0,0,0,0,0,0,0,0,2334,2,1177,1
0,0,0,0,0,0,0,0,1118,1,1135,1
0,0,0,0,0,0,0,0,0,0,1119,1
0,0,0,0,0,0,0,0,1072,1,1147,1
0,0,0,0,0,0,0,0,1160,1,0,0
0,0,0,0,0,0,0,0,4594,4,1193,1
0,0,0,0,0,0,0,0,1080,1,1158,1
0,0,0,0,0,0,0,0,1137,1,1172,1
0,0,0,0,0,0,0,0,1188,1,2430,2
0,0,0,0,0,0,0,0,3615,3,0,0
0,0,0,0,0,0,0,0,2498,2,2377,2
0,0,0,0,0,0,0,0,1098,1,2333,2
0,0,0,0,0,0,0,0,2233,2,2383,2
0,0,0,0,0,0,0,0,1155,1,0,0
0,0,0,0,0,0,0,0,1095,1,1204,1
0,0,0,0,0,0,0,0,1084,1,0,0
0,0,0,0,0,0,0,0,0,0,0,0
0,0,0,0,0,0,0,0,1260,1,1230,1
0,0,0,0,0,0,0,0,0,0,0,0
0,0,0,0,0,0,0,0,1135,1,0,0
0,0,0,0,0,0,0,0,1179,1,0,0
0,0,0,0,0,0,0,0,0,0,1180,1
0,0,0,0,0,0,0,0,2227,2,4840,4
0,0,0,0,0,0,0,0,0,0,0,0
0,0,0,0,0,0,0,0,0,0,0,0
0,0,0,0,0,0,0,0,0,0,0,0
0,0,0,0,0,0,0,0,1096,1,1204,1
0,0,0,0,0,0,0,0,1102,1,3597,3
0,0,0,0,0,0,0,0,1205,1,0,0
0,0,0,0,0,0,0,0,1146,1,0,0
0,0,0,0,0,0,0,0,0,0,2362,2
0,0,0,0,0,0,0,0,1185,1,0,0
0,0,0,0,0,0,0,0,1209,1,0,0
0,0,0,0,0,0,0,0,1183,1,0,0
0,0,0,0,0,0,0,0,2241,2,0,0
0,0,0,0,0,0,0,0,0,0,1221,1
0,0,0,0,0,0,0,0,1138,1,1165,1
0,0,0,0,0,0,0,0,3554,3,2536,2
0,0,0,0,0,0,0,0,1199,1,0,0
0,0,0,0,0,0,0,0,1100,1,0,0
0,0,0,0,0,0,0,0,0,0,1213,1
0,0,0,0,0,0,0,0,0,0,0,0
0,0,0,0,0,0,0,0,1189,1,1189,1
0,0,0,0,0,0,0,0,1128,1,0,0
0,0,0,0,0,0,0,0,4880,4,1203,1
0,0,0,0,0,0,0,0,0,0,1253,1
0,0,0,0,0,0,0,0,0,0,1240,1
0,0,0,0,0,0,0,0,1165,1,2518,2
0,0,0,0,0,0,0,0,0,0,0,0
0,0,0,0,0,0,0,0,1124,1,2401,2
0,0,0,0,0,0,0,0,0,0,0,0
0,0,0,0,0,0,0,0,0,0,0,0
0,0,0,0,0,0,0,0,0,0,2482,2
0,0,0,0,0,0,0,0,3407,3,1319,1
0,0,0,0,0,0,0,0,0,0,0,0
0,0,0,0,0,0,0,0,0,0,0,0
0,0,0,0,0,0,0,0,1339,1,2481,2
0,0,0,0,0,0,0,0,0,0,1204,1
0,0,0,0,0,0,0,0,0,0,0,0
0,0,0,0,0,0,0,0,1158,1,0,0
0,0,0,0,0,0,0,0,1233,1,1288,1
0,0,0,0,0,0,0,0,1186,1,0,0
0,0,0,0,0,0,0,0,2541,2,0,0
0,0,0,0,0,0,0,0,1280,1,3825,3
0,0,0,0,0,0,0,0,1286,1,0,0
0,0,0,0,0,0,0,0,1194,1,0,0
0,0,0,0,0,0,0,0,1184,1,1264,1
0,0,0,0,0,0,0,0,0,0,0,0
0,0,0,0,0,0,0,0,0,0,1283,1
0,0,0,0,0,0,0,0,0,0,2512,2
0,0,0,0,0,0,0,0,0,0,1219,1
0,0,0,0,0,0,0,0,1133,1,1232,1
0,0,0,0,0,0,0,0,0,0,0,0
0,0,0,0,0,0,0,0,2470,2,0,0
0,0,0,0,0,0,0,0,0,0,0,0
0,0,0,0,0,0,0,0,1268,1,1251,1
0,0,0,0,0,0,0,0,1164,1,0,0
0,0,0,0,0,0,0,0,1266,1,1239,1
0,0,0,0,0,0,0,0,0,0,0,0
0,0,0,0,0,0,0,0,0,0,0,0
0,0,0,0,0,0,0,0,1203,1,1205,1
0,0,0,0,0,0,0,0,2410,2,1236,1
0,0,0,0,0,0,0,0,0,0,3852,3
0,0,0,0,0,0,0,0,0,0,1222,1
0,0,0,0,0,0,0,0,2421,2,2487,2
0,0,0,0,0,0,0,0,0,0,3734,3
0,0,0,0,0,0,0,0,2452,2,0,0
0,0,0,0,0,0,0,0,2382,2,1227,1
0,0,0,0,0,0,0,0,0,0,0,0
0,0,0,0,0,0,0,0,3742,3,1217,1
0,0,0,0,0,0,0,0,0,0,1231,1
0,0,0,0,0,0,0,0,0,0,0,0
0,0,0,0,0,0,0,0,2463,2,0,0
0,0,0,0,0,0,0,0,1178,1,2778,2
0,0,0,0,0,0,0,0,2327,2,0,0
0,0,0,0,0,0,0,0,1283,1,0,0
0,0,0,0,0,0,0,0,0,0,1277,1
0,0,0,0,0,0,0,0,1245,1,0,0
0,0,0,0,0,0,0,0,0,0,0,0
0,0,0,0,0,0,0,0,1239,1,1286,1
0,0,0,0,0,0,0,0,2459,2,1304,1
0,0,0,0,0,0,0,0,5033,4,1292,1
0,0,0,0,0,0,0,0,1301,1,1283,1
0,0,0,0,0,0,0,0,0,0,2586,2
0,0,0,0,0,0,0,0,0,0,0,0
0,0,0,0,0,0,0,0,0,0,0,0
0,0,0,0,0,0,0,0,2375,2,0,0
0,0,0,0,0,0,0,0,0,0,0,0
0,0,0,0,0,0,0,0,0,0,0,0
0,0,0,0,0,0,0,0,0,0,1230,1
0,0,0,0,0,0,0,0,0,0,2603,2
0,0,0,0,0,0,0,0,0,0,0,0
0,0,0,0,0,0,0,0,0,0,1260,1
0,0,0,0,0,0,0,0,1204,1,1270,1
0,0,0,0,0,0,0,0,0,0,3802,3
0,0,0,0,0,0,0,0,2516,2,0,0
0,0,0,0,0,0,0,0,0,0,0,0
0,0,0,0,0,0,0,0,1253,1,3816,3
0,0,0,0,0,0,0,0,1325,1,3855,3
0,0,0,0,0,0,0,0,1193,1,2613,2
0,0,0,0,0,0,0,0,0,0,1325,1
0,0,0,0,0,0,0,0,0,0,0,0
0,0,0,0,0,0,0,0,1175,1,0,0
0,0,0,0,0,0,0,0,1201,1,1272,1
0,0,0,0,0,0,0,0,0,0,0,0
0,0,0,0,0,0,0,0,0,0,3945,3
0,0,0,0,0,0,0,0,0,0,2585,2
0,0,0,0,0,0,0,0,1203,1,0,0
0,0,0,0,0,0,0,0,0,0,0,0
0,0,0,0,0,0,0,0,0,0,1253,1
0,0,0,0,0,0,0,0,1309,1,0,0
0,0,0,0,0,0,0,0,0,0,0,0
0,0,0,0,0,0,0,0,0,0,4021,3
0,0,0,0,0,0,0,0,1247,1,2735,2
0,0,0,0,0,0,0,0,0,0,1351,1
0,0,0,0,0,0,0,0,0,0,0,0
0,0,0,0,0,0,0,0,0,0,2646,2
0,0,0,0,0,0,0,0,1195,1,0,0
0,0,0,0,0,0,0,0,0,0,0,0
0,0,0,0,0,0,0,0,0,0,0,0
0,0,0,0,0,0,0,0,1214,1,1372,1
0,0,0,0,0,0,0,0,0,0,0,0
0,0,0,0,0,0,0,0,1351,1,0,0
0,0,0,0,0,0,0,0,1302,1,0,0
0,0,0,0,0,0,0,0,1352,1,0,0
0,0,0,0,0,0,0,0,0,0,0,0
0,0,0,0,0,0,0,0,0,0,0,0
0,0,0,0,0,0,0,0,0,0,1287,1
0,0,0,0,0,0,0,0,1342,1,0,0
0,0,0,0,0,0,0,0,0,0,0,0
0,0,0,0,0,0,0,0,0,0,0,0
0,0,0,0,0,0,0,0,1251,1,1355,1
0,0,0,0,0,0,0,0,0,0,0,0
0,0,0,0,0,0,0,0,3930,3,1281,1
0,0,0,0,0,0,0,0,0,0,0,0
0,0,0,0,0,0,0,0,0,0,1405,1
0,0,0,0,0,0,0,0,0,0,0,0
0,0,0,0,0,0,0,0,0,0,0,0
0,0,0,0,0,0,0,0,0,0,0,0
0,0,0,0,0,0,0,0,0,0,0,0
0,0,0,0,0,0,0,0,3902,3,1466,1
0,0,0,0,0,0,0,0,2655,2,0,0
0,0,0,0,0,0,0,0,0,0,0,0
0,0,0,0,0,0,0,0,1241,1,0,0
0,0,0,0,0,0,0,0,0,0,0,0
0,0,0,0,0,0,0,0,0,0,0,0
0,0,0,0,0,0,0,0,0,0,0,0
0,0,0,0,0,0,0,0,1283,1,0,0
0,0,0,0,0,0,0,0,0,0,0,0
0,0,0,0,0,0,0,0,0,0,0,0
0,0,0,0,0,0,0,0,0,0,0,0
0,0,0,0,0,0,0,0,1336,1,0,0
0,0,0,0,0,0,0,0,0,0,0,0
0,0,0,0,0,0,0,0,0,0,0,0
0,0,0,0,0,0,0,0,0,0,0,0
0,0,0,0,0,0,0,0,0,0,0,0
0,0,0,0,0,0,0,0,0,0,0,0
0,0,0,0,0,0,0,0,1236,1,0,0
0,0,0,0,0,0,0,0,0,0,0,0
0,0,0,0,0,0,0,0,0,0,0,0
0,0,0,0,0,0,0,0,0,0,0,0
0,0,0,0,0,0,0,0,0,0,0,0
0,0,0,0,0,0,0,0,0,0,1289,1
0,0,0,0,0,0,0,0,0,0,0,0
0,0,0,0,0,0,0,0,0,0,0,0
0,0,0,0,0,0,0,0,0,0,0,0
0,0,0,0,0,0,0,0,0,0,0,0
0,0,0,0,0,0,0,0,0,0,0,0
0,0,0,0,0,0,0,0,0,0,0,0
0,0,0,0,0,0,0,0,1376,1,0,0
0,0,0,0,0,0,0,0,0,0,0,0
0,0,0,0,0,0,0,0,0,0,0,0
0,0,0,0,0,0,0,0,0,0,0,0
0,0,0,0,0,0,0,0,0,0,0,0
0,0,0,0,0,0,0,0,0,0,1330,1
0,0,0,0,0,0,0,0,0,0,0,0
0,0,0,0,0,0,0,0,0,0,1329,1
0,0,0,0,0,0,0,0,0,0,0,0
0,0,0,0,0,0,0,0,0,0,1370,1
0,0,0,0,0,0,0,0,0,0,0,0
0,0,0,0,0,0,0,0,0,0,0,0
0,0,0,0,0,0,0,0,0,0,2742,2
0,0,0,0,0,0,0,0,0,0,0,0
0,0,0,0,0,0,0,0,0,0,0,0
0,0,0,0,0,0,0,0,0,0,0,0
0,0,0,0,0,0,0,0,0,0,0,0
0,0,0,0,0,0,0,0,0,0,0,0
0,0,0,0,0,0,0,0,0,0,0,0
0,0,0,0,0,0,0,0,2813,2,0,0
0,0,0,0,0,0,0,0,0,0,0,0
0,0,0,0,0,0,0,0,0,0,0,0
0,0,0,0,0,0,0,0,0,0,0,0
0,0,0,0,0,0,0,0,0,0,0,0
0,0,0,0,0,0,0,0,0,0,0,0
0,0,0,0,0,0,0,0,0,0,0,0
0,0,0,0,0,0,0,0,0,0,0,0
0,0,0,0,0,0,0,0,1295,1,0,0
0,0,0,0,0,0,0,0,0,0,0,0
0,0,0,0,0,0,0,0,0,0,1348,1
0,0,0,0,0,0,0,0,0,0,0,0
0,0,0,0,0,0,0,0,1274,1,0,0
0,0,0,0,0,0,0,0,0,0,0,0
0,0,0,0,0,0,0,0,0,0,0,0
0,0,0,0,0,0,0,0,0,0,0,0
0,0,0,0,0,0,0,0,0,0,2727,2
0,0,0,0,0,0,0,0,0,0,0,0
0,0,0,0,0,0,0,0,0,0,0,0
0,0,0,0,0,0,0,0,0,0,0,0
0,0,0,0,0,0,0,0,0,0,0,0
0,0,0,0,0,0,0,0,0,0,0,0
0,0,0,0,0,0,0,0,0,0,0,0
0,0,0,0,0,0,0,0,0,0,0,0
0,0,0,0,0,0,0,0,0,0,0,0
0,0,0,0,0,0,0,0,0,0,0,0
0,0,0,0,0,0,0,0,0,0,0,0
0,0,0,0,0,0,0,0,0,0,1388,1
0,0,0,0,0,0,0,0,0,0,0,0
0,0,0,0,0,0,0,0,1387,1,0,0
0,0,0,0,0,0,0,0,0,0,0,0
0,0,0,0,0,0,0,0,0,0,0,0
0,0,0,0,0,0,0,0,0,0,0,0
0,0,0,0,0,0,0,0,0,0,0,0
0,0,0,0,0,0,0,0,0,0,0,0
0,0,0,0,0,0,0,0,0,0,0,0
0,0,0,0,0,0,0,0,0,0,0,0
0,0,0,0,0,0,0,0,0,0,0,0
0,0,0,0,0,0,0,0,0,0,0,0
0,0,0,0,0,0,0,0,0,0,0,0
0,0,0,0,0,0,0,0,0,0,0,0
0,0,0,0,0,0,0,0,0,0,0,0
0,0,0,0,0,0,0,0,0,0,0,0
0,0,0,0,0,0,0,0,0,0,0,0
0,0,0,0,0,0,0,0,1432,1,0,0
0,0,0,0,0,0,0,0,0,0,0,0
0,0,0,0,0,0,0,0,0,0,0,0
0,0,0,0,0,0,0,0,0,0,0,0
0,0,0,0,0,0,0,0,0,0,0,0
0,0,0,0,0,0,0,0,0,0,0,0
0,0,0,0,0,0,0,0,1482,1,0,0
0,0,0,0,0,0,0,0,0,0,0,0
0,0,0,0,0,0,0,0,0,0,0,0
0,0,0,0,0,0,0,0,0,0,0,0
0,0,0,0,0,0,0,0,0,0,0,0
0,0,0,0,0,0,0,0,0,0,0,0
0,0,0,0,0,0,0,0,0,0,1477,1
0,0,0,0,0,0,0,0,0,0,0,0
0,0,0,0,0,0,0,0,0,0,0,0
0,0,0,0,0,0,0,0,0,0,0,0
0,0,0,0,0,0,0,0,0,0,0,0
0,0,0,0,0,0,0,0,0,0,0,0
0,0,0,0,0,0,0,0,0,0,0,0
0,0,0,0,0,0,0,0,0,0,0,0
0,0,0,0,0,0,0,0,0,0,0,0
0,0,0,0,0,0,0,0,0,0,0,0
0,0,0,0,0,0,0,0,0,0,0,0
0,0,0,0,0,0,0,0,0,0,0,0
0,0,0,0,0,0,0,0,0,0,0,0
0,0,0,0,0,0,0,0,0,0,0,0
0,0,0,0,0,0,0,0,0,0,0,0
0,0,0,0,0,0,0,0,0,0,0,0
0,0,0,0,0,0,0,0,0,0,0,0
0,0,0,0,0,0,0,0,0,0,0,0
0,0,0,0,0,0,0,0,0,0,0,0
0,0,0,0,0,0,0,0,0,0,0,0
0,0,0,0,0,0,0,0,0,0,0,0
0,0,0,0,0,0,0,0,0,0,0,0
0,0,0,0,0,0,0,0,0,0,0,0
0,0,0,0,0,0,0,0,0,0,0,0
0,0,0,0,0,0,0,0,0,0,0,0
0,0,0,0,0,0,0,0,0,0,0,0
0,0,0,0,0,0,0,0,0,0,0,0
0,0,0,0,0,0,0,0,0,0,0,0
0,0,0,0,0,0,0,0,0,0,0,0
0,0,0,0,0,0,0,0,0,0,0,0
0,0,0,0,0,0,0,0,0,0,0,0
0,0,0,0,0,0,0,0,0,0,0,0
0,0,0,0,0,0,0,0,0,0,0,0
0,0,0,0,0,0,0,0,0,0,0,0
0,0,0,0,0,0,0,0,0,0,0,0
0,0,0,0,0,0,0,0,0,0,0,0
0,0,0,0,0,0,0,0,0,0,0,0
0,0,0,0,0,0,0,0,0,0,0,0
0,0,0,0,0,0,0,0,0,0,0,0
0,0,0,0,0,0,0,0,0,0,0,0
0,0,0,0,0,0,0,0,0,0,0,0
0,0,0,0,0,0,0,0,0,0,0,0
0,0,0,0,0,0,0,0,0,0,0,0
0,0,0,0,0,0,0,0,0,0,0,0
0,0,0,0,0,0,0,0,0,0,0,0
0,0,0,0,0,0,0,0,0,0,0,0
0,0,0,0,0,0,0,0,0,0,0,0
0,0,0,0,0,0,0,0,0,0,0,0
0,0,0,0,0,0,0,0,0,0,0,0
0,0,0,0,0,0,0,0,0,0,0,0
0,0,0,0,0,0,0,0,0,0,0,0
0,0,0,0,0,0,0,0,0,0,0,0
0,0,0,0,0,0,0,0,0,0,0,0
0,0,0,0,0,0,0,0,0,0,0,0
0,0,0,0,0,0,0,0,0,0,0,0
0,0,0,0,0,0,0,0,0,0,0,0
0,0,0,0,0,0,0,0,0,0,0,0
0,0,0,0,0,0,0,0,0,0,0,0
0,0,0,0,0,0,0,0,0,0,0,0
0,0,0,0,0,0,0,0,0,0,0,0
0,0,0,0,0,0,0,0,0,0,0,0
0,0,0,0,0,0,0,0,0,0,0,0
0,0,0,0,0,0,0,0,0,0,0,0
